order_id,review_id,review_score,review_comment_title,review_comment_message,review_creation_date,review_answer_timestamp
8cfe4e12-2b05-4302-b5c7-bfd107c587b8,0ae67c07-9e95-4ac1-921b-17c4bf1ef819,5,,,2026-08-25T00:04:09.331Z,2026-08-26T00:04:09.331Z
6325ed81-5f24-4935-850f-259ef2fcc657,f0786d6c-a3a7-4eaa-85ce-2325dcff7fec,4,,,2026-08-25T00:04:09.331Z,2026-08-26T00:04:09.331Z
96416664-ebc8-4a1e-bb10-aa08c6722b59,b7f63918-ab71-44c0-ab13-ef05c988dd71,5,,,2026-08-25T00:04:09.331Z,2026-08-27T00:04:09.331Z
1eeadbc0-fce1-4ffe-a4cf-04e598b06e77,5f00940f-2a6c-441c-aad9-c8cec98ed194,5,,,2026-08-25T00:04:09.331Z,2026-08-27T00:04:09.331Z
4c248499-44ff-4998-ab73-e5a19e8243bc,fb423092-b9bd-45be-ad96-0d7578032bd0,4,,,2026-08-25T00:04:09.331Z,2026-08-26T00:04:09.331Z
49f1b5a4-72fd-46c1-8155-69804e45eaae,8932ef9a-24e5-4136-a416-60bd90e879ca,4,,,2026-08-25T00:04:09.331Z,2026-08-25T00:04:09.331Z
a1595227-344d-4453-990b-c12583fa1711,c89daf90-1976-4d05-a62c-2bfa4cd42918,5,,,2026-08-25T00:04:09.331Z,2026-08-25T00:04:09.331Z
c995386a-9512-481f-9546-d75a15a09bad,c94e7013-585d-4351-bdd5-637db9872174,4,,,2026-08-25T00:04:09.331Z,2026-08-27T00:04:09.331Z
587b311a-ba4f-4121-8171-93f33b9f8824,f981e777-2c9e-47a0-b273-f947cc17b11f,4,,,2026-08-25T00:04:09.331Z,2026-08-25T00:04:09.331Z
c7976082-5c83-44b2-a04a-227fe0423a33,c1c3f99b-2620-441e-a91f-2d9b4218db15,5,,,2026-08-25T00:04:09.331Z,2026-08-25T00:04:09.331Z
89f62696-c429-4fee-a4c8-77096ffb5e02,121f32e2-7a25-4b76-b043-a627578c9b29,5,,,2026-08-25T00:04:09.331Z,2026-08-26T00:04:09.331Z
aee4578b-2f5e-44f0-93ec-fd27223a59a3,6d313826-e216-438f-83bd-23344a70f996,5,,,2026-08-25T00:04:09.331Z,2026-08-27T00:04:09.331Z
47155424-17ee-4c2a-87af-f0f3d696fb2c,5ad1d69f-3b17-445b-973e-2d401844a257,3,,,2026-08-25T00:04:09.331Z,2026-08-25T00:04:09.331Z
f022e897-50a8-4511-a0b8-96c651c18077,70e828be-7aad-4574-94af-1b81ed1432a9,3,,,2026-08-25T00:04:09.331Z,2026-08-27T00:04:09.331Z
82faaa79-980c-46ed-bbb9-f9e9999a9641,4d0aae27-8260-47e6-81d7-3c11ae779f28,5,,,2026-08-25T00:04:09.331Z,2026-08-27T00:04:09.331Z
0327056e-7471-49a1-b366-f3ae87ebb3a9,f9e517f8-b845-402d-b40d-2bd1016ed644,5,,,2026-08-25T00:04:09.331Z,2026-08-27T00:04:09.331Z
a52d3597-30a3-44e2-bb78-096c32af3c41,1bb94171-40ed-49fc-acc3-5d2a300cce8c,4,,,2026-08-25T00:04:09.331Z,2026-08-25T00:04:09.331Z
a4bd1539-7ad2-4638-8e65-f4f76656c15c,2d2b0f98-9a18-4957-89aa-5b71fc08a49b,5,,,2026-08-25T00:04:09.331Z,2026-08-25T00:04:09.331Z
58c2be3a-2b33-4df4-8b03-5210ec5a379a,54fd045f-4672-4131-a951-3f6c47f1c0f4,3,,,2026-08-25T00:04:09.331Z,2026-08-25T00:04:09.331Z
b058a635-e491-4f7b-919c-8f6447cd920c,4ac5c429-cb18-4f10-a34f-89fbc1b57d3b,5,,,2026-08-25T00:04:09.331Z,2026-08-27T00:04:09.331Z
9a493072-2ef3-4b8f-9cf3-262a51111cd5,f45edcff-8b43-46e1-8f01-c25c28b286ad,4,,,2026-08-25T00:04:09.331Z,2026-08-26T00:04:09.331Z
74d41ade-b991-4976-939a-72093fbb8466,a81f9128-ea93-46f9-a2bb-945623c1ec18,5,,,2026-08-25T00:04:09.331Z,2026-08-26T00:04:09.331Z
61860aee-6627-47ff-8ae0-61a1e30e5a8e,17f4e237-aa86-4bdd-8490-a96777e255e4,5,,,2026-08-25T00:04:09.331Z,2026-08-25T00:04:09.331Z
0fc2c35f-a0b8-498c-8997-72759b75b5d4,74d67431-7227-4c5b-b553-3668157f77f0,3,,,2026-08-25T00:04:09.331Z,2026-08-26T00:04:09.331Z
fafca185-739e-4f2b-964e-3419b541852c,8be5cc0a-a9c7-4bf0-8c57-b09dabc3fa20,4,,,2026-08-25T00:04:09.331Z,2026-08-25T00:04:09.331Z
58c1fcab-3831-4810-bcb9-0ec6175aaee9,3bc97d9f-dcde-4a2e-af43-f57db1842632,5,,,2026-08-25T00:04:09.331Z,2026-08-25T00:04:09.331Z
1b1af2b7-7558-4a12-809f-52e66f54fe55,15edbd36-5938-4dc9-a7cb-65d40b8b650e,4,,,2026-08-25T00:04:09.331Z,2026-08-27T00:04:09.331Z
88a8e832-48cb-4e1f-a8be-3be0ce9ebd40,81058ecb-286e-41bf-afee-91b5f0009c42,4,,,2026-08-25T00:04:09.331Z,2026-08-25T00:04:09.331Z
61f44b5d-0215-49b3-aaf6-8d40f7165af6,ac6eee0c-e87f-45b2-95c1-2d5147d02951,5,,,2026-08-25T00:04:09.331Z,2026-08-27T00:04:09.331Z
35946084-2ef1-4f34-918e-0ca8b78267f4,0a700f5f-3cc3-4e23-87af-ed6924c7388f,5,,,2026-08-25T00:04:09.331Z,2026-08-26T00:04:09.331Z
48818a20-f94d-4f43-a828-d38bd9ebd259,2e95cdfd-9205-4418-b0cd-a065b77ad0cf,5,,,2026-08-25T00:04:09.331Z,2026-08-25T00:04:09.331Z
4de4e691-ff23-41cf-b4bd-684e66922334,84c4f352-5cc8-4d3c-8332-287927832f5e,5,,,2026-08-25T00:04:09.331Z,2026-08-25T00:04:09.331Z
816ec7ee-c48b-456d-b5c8-982d1022c196,83d6da78-5b18-40c6-ac2e-0c48c2e3d814,3,,,2026-08-25T00:04:09.331Z,2026-08-25T00:04:09.331Z
1ac5d15b-1120-4351-9a80-b3c61e390fce,68de3126-cdb9-4b43-aeeb-351c08ed9322,5,,,2026-08-25T00:04:09.331Z,2026-08-27T00:04:09.331Z
4a5a8842-8d9f-4a55-a709-a0e1d9b2e5af,d9a538c0-6665-4fa5-9154-f5cebed17de8,5,,,2026-08-25T00:04:09.331Z,2026-08-25T00:04:09.331Z
f270131f-6ef1-4616-abc4-871149ec9e06,700cbace-0a44-423c-8e09-3cafccb516f2,5,,,2026-08-25T00:04:09.331Z,2026-08-27T00:04:09.331Z
3b7680c6-2622-40a4-b545-6b297e22018b,d0e73d10-9098-41e0-b591-4212e393f4cf,3,,,2026-08-25T00:04:09.331Z,2026-08-26T00:04:09.331Z
d9cb9a89-df0d-4711-8324-de50ecc2de37,2d60f000-60f0-4415-b087-551863c1efcc,5,,,2026-08-25T00:04:09.331Z,2026-08-27T00:04:09.331Z
e02a6be3-d529-413d-af20-aaa42efe4b51,3dbf6f79-4b85-4fc2-831e-c4121d666e96,5,,,2026-08-25T00:04:09.331Z,2026-08-27T00:04:09.331Z
866530e7-77b4-4108-b23d-a25087170563,043b9e77-6a12-4ac6-9304-100abff610e1,5,,,2026-08-25T00:04:09.331Z,2026-08-25T00:04:09.331Z
43a6fac5-7630-481c-b444-275524cff3cc,4517511d-3731-44fa-a3da-c2c0ef05864b,5,,,2026-08-25T00:04:09.331Z,2026-08-25T00:04:09.331Z
fc39b789-2cb0-42f2-b95c-7d9ce353d147,4a2d9070-1d00-4f1a-9603-3912cf5a1c5b,4,,,2026-08-25T00:04:09.331Z,2026-08-26T00:04:09.331Z
136b1be1-86fc-4a99-a701-103efe88136c,ccbe8ee6-3b77-415e-b8cb-1160b98dc844,4,,,2026-08-25T00:04:09.331Z,2026-08-27T00:04:09.331Z
05cd33ae-e254-4bd7-826b-cbedd4d2f949,3a06fc7d-e864-439c-9ce5-758d56f90a50,4,,,2026-08-25T00:04:09.331Z,2026-08-26T00:04:09.331Z
3f6d94fd-7d3c-4795-93c4-f8ff20b51b1e,c0522e99-dff2-453b-820c-1a6a5e93b870,5,,,2026-08-25T00:04:09.331Z,2026-08-26T00:04:09.331Z
2ff53af7-2268-4b17-9765-e617c44c1c4d,540fc587-bca7-4583-afd5-ce31e27c7c6a,5,,,2026-08-25T00:04:09.331Z,2026-08-25T00:04:09.331Z
2044fe30-0dbf-48fd-8739-c472672eb1ff,cecdd56f-b6e7-4d06-a572-9b82a38ca45e,3,,,2026-08-25T00:04:09.331Z,2026-08-27T00:04:09.331Z
03bb9156-d27b-484d-9763-c0326ed23851,632691bb-ce62-4d36-8c47-63d4bc27508c,4,,,2026-08-25T00:04:09.331Z,2026-08-27T00:04:09.331Z
f1ff341c-d089-4546-8154-b1c83c6fc036,e7c405a5-f4ec-4b05-b8ee-58554efc1683,4,,,2026-08-25T00:04:09.331Z,2026-08-27T00:04:09.331Z
a3059dbe-f02f-429f-aee2-f78a5cf6aacc,195059d2-7372-4f94-b785-05e8c5b9dc06,4,,,2026-08-25T00:04:09.331Z,2026-08-26T00:04:09.331Z
6ebbee21-d47e-48bc-8368-07fe90530c05,4c57840a-cd14-4376-ade5-7ab7ba9bf789,5,,,2026-08-25T00:04:09.331Z,2026-08-25T00:04:09.331Z
de10c996-0a7d-4a7d-80f2-0447c8e15ba3,18765441-ebf9-4236-b32f-a23f140d623f,5,,,2026-08-25T00:04:09.331Z,2026-08-26T00:04:09.331Z
cf71a9f2-fe7f-48db-a73c-cf4810178631,3d3e859e-1f4c-478f-bccb-aeb4d9dc880e,5,,,2026-08-25T00:04:09.331Z,2026-08-25T00:04:09.331Z
6c772da6-0d5c-450d-a1e2-e7cd166356af,3225c16d-3e3c-468c-b45d-edcb3b0deb9b,4,,,2026-08-25T00:04:09.331Z,2026-08-26T00:04:09.331Z
53d72f88-0336-4a9c-96f5-2aa66dfc7699,d23d72dd-5e81-46b5-9a5f-bcb935265653,3,,,2026-08-25T00:04:09.331Z,2026-08-27T00:04:09.331Z
e3c683bf-b919-41ec-90d7-ab3731ea1c3b,3a252c41-05f9-45e5-baae-47cc528da2e4,5,,,2026-08-25T00:04:09.331Z,2026-08-25T00:04:09.331Z
d81bb4ab-51c5-4244-a971-669f02761e23,21fcc6d9-7fe7-4cc9-a415-727ab81dedfd,5,,,2026-08-25T00:04:09.331Z,2026-08-26T00:04:09.331Z
3231c893-5d8b-47ef-95f7-2cb5f2d49880,4f2e01a4-4bcd-434e-a55b-da30e184fd66,5,,,2026-08-25T00:04:09.331Z,2026-08-26T00:04:09.331Z
881cd002-018e-4718-bb12-16045d21baee,7ad578e4-301e-4f5f-98c4-c9dfe7c84127,5,,,2026-08-25T00:04:09.331Z,2026-08-26T00:04:09.331Z
b25172b6-7ea4-4e4d-bd10-7ff0c08a4f89,649e90c1-8aef-433e-a7ee-a62137370741,5,,,2026-08-25T00:04:09.331Z,2026-08-27T00:04:09.331Z
23fdf22e-bee4-4a9e-9263-973bc87e0c2e,a35215d4-4185-4bd1-aa9a-1af54a414a4f,5,,,2026-08-25T00:04:09.331Z,2026-08-26T00:04:09.331Z
5ad38496-14ed-451b-abaf-e4795e84d109,81fa9d80-d6db-4d08-9531-3e117abab31e,4,,,2026-08-25T00:04:09.331Z,2026-08-25T00:04:09.331Z
caf61e80-4999-4117-a4ba-cce075848f46,0615acb4-4a99-465e-bbb8-2fcf19210aa0,4,,,2026-08-25T00:04:09.331Z,2026-08-26T00:04:09.331Z
44315588-31a2-494e-800e-0f7845a3a6d4,4ace316a-4571-41c1-a597-d833367e36d5,4,,,2026-08-25T00:04:09.331Z,2026-08-27T00:04:09.331Z
38d52958-2724-4ad2-be05-1bb1eb03a860,70b5448f-f2ba-46ed-b3d4-47c7342e0290,4,,,2026-08-25T00:04:09.331Z,2026-08-26T00:04:09.331Z
b6b41fb2-6e0d-4804-a027-50165a999129,43435958-92e3-4909-a8fa-7b5f189c3856,3,,,2026-08-25T00:04:09.331Z,2026-08-26T00:04:09.331Z
68cc44e8-62bb-4f0b-af0c-8bf1a20b3d95,f08f2e8b-57a7-4687-8a9d-ecc01d38776b,4,,,2026-08-25T00:04:09.331Z,2026-08-27T00:04:09.331Z
69245340-a05b-46f1-8402-8d5a01611107,f7b0a8bf-e7dc-4f68-bb83-c807dc48776c,5,,,2026-08-25T00:04:09.331Z,2026-08-27T00:04:09.331Z
d7c5a5a3-5297-4486-8128-12c361637532,09ea8bc8-1990-476e-9a33-d80e337cdd53,4,,,2026-08-25T00:04:09.331Z,2026-08-25T00:04:09.331Z
d3c6929f-2372-4ac5-9bfc-9a0e224abb9b,e3682be5-3604-4306-80d4-4279af2491d0,5,,,2026-08-25T00:04:09.331Z,2026-08-27T00:04:09.331Z
a230ea28-2b64-4160-837c-ff2f6a732b2e,bc17827c-fcc3-4f73-9f84-a50eff5e15e9,5,,,2026-08-25T00:04:09.331Z,2026-08-27T00:04:09.331Z
ecdf89b5-1977-4eb8-b319-676c8940a12b,43d59e1e-ef27-4f73-bcca-aebc01809680,5,,,2026-08-25T00:04:09.331Z,2026-08-26T00:04:09.331Z
5c6e22ff-7ccb-4109-8374-5f5069e31a95,dd0c0100-b26c-4223-8af6-206959fd7652,4,,,2026-08-25T00:04:09.331Z,2026-08-26T00:04:09.331Z
d2a77149-aa35-4e9b-8044-65271630da3c,ac8f05a8-73be-410d-9fa3-b5518ab23d17,5,,,2026-08-25T00:04:09.331Z,2026-08-26T00:04:09.331Z
432c9c50-2368-49dc-a89d-f21f3c30dca7,48610932-d2cb-41ee-a3f1-d2b65e704916,5,,,2026-08-25T00:04:09.331Z,2026-08-25T00:04:09.331Z
bd025666-a1bb-4f3e-954d-aaceb157f5ae,380c89fd-b5bd-4aae-8ea2-b0fb67cdbd5d,3,,,2026-08-25T00:04:09.331Z,2026-08-27T00:04:09.331Z
7a7ecd14-ce35-44f2-b909-67b796600e29,a1090d9c-b75e-4d1d-a90a-dc26b99d4f0d,5,,,2026-08-25T00:04:09.331Z,2026-08-27T00:04:09.331Z
c7ae1dd3-cff1-4d7a-ab0e-a5581775f7a8,c2547fdc-4791-4dba-aab5-85622513f676,4,,,2026-08-25T00:04:09.331Z,2026-08-25T00:04:09.331Z
604fa9b1-35fd-4537-a612-7587c9df7c55,1188a26d-6894-4656-a4a4-0e4af419d54b,3,,,2026-08-25T00:04:09.331Z,2026-08-25T00:04:09.331Z
2125708d-3432-460f-af31-71946c0ae9b0,72f91e9f-4757-47eb-a07d-302efa450301,5,,,2026-08-25T00:04:09.331Z,2026-08-27T00:04:09.331Z
8ab4f507-ec6e-468a-ad4a-0b87756e38d4,e1513da2-133c-4459-b713-875708f0b213,4,,,2026-08-25T00:04:09.331Z,2026-08-25T00:04:09.331Z
e99bdaf5-8f92-4d2b-a7d5-8933149d3150,5226da85-68a2-437a-aff9-192bbaa78fa0,4,,,2026-08-25T00:04:09.331Z,2026-08-27T00:04:09.331Z
a3c6d157-b29a-4e24-9a00-1da9e3d5b7d1,52c6088e-9260-428c-afd3-5efa77d33e39,5,,,2026-08-25T00:04:09.331Z,2026-08-25T00:04:09.331Z
1fe7108d-aeb6-4277-a08c-ae1637853d44,97e543f1-f345-4d8f-bdf1-858ca661c32f,5,,,2026-08-25T00:04:09.331Z,2026-08-25T00:04:09.331Z
51c780d5-acaa-4498-a38f-1d63a05f2932,76558119-1a7f-4069-a6b1-a106ee43e071,5,,,2026-08-25T00:04:09.331Z,2026-08-26T00:04:09.331Z
7dcffb38-1b7f-434b-b021-a443fcf5a7d6,54d6acd4-80fe-4c10-a4fe-94a843005c9a,4,,,2026-08-25T00:04:09.331Z,2026-08-25T00:04:09.331Z
fef0c60c-2c11-4b9f-98c5-655082615687,0dc05d3b-ebcb-4a38-9184-c1e70205baec,5,,,2026-08-25T00:04:09.331Z,2026-08-26T00:04:09.331Z
79483c77-eea3-46c1-becc-614a89331d1c,ff817fac-77d1-4ee1-914b-a32b5d71a1d4,5,,,2026-08-25T00:04:09.331Z,2026-08-27T00:04:09.331Z
395eced0-f02b-4b1a-a5a7-30af66785099,a49d85b8-19dc-49f3-a975-6f77d13138f3,5,,,2026-08-25T00:04:09.331Z,2026-08-25T00:04:09.331Z
9832990a-ebbd-4bb8-83ee-c7f6850cad57,a2d9bca3-9f6d-4b5b-9fb0-a785c3a5b2de,4,,,2026-08-25T00:04:09.331Z,2026-08-27T00:04:09.331Z
5233a567-d511-4d4e-a939-c2f4bfac653d,752b8301-6c78-47f0-b1a5-078e0cabd0d3,3,,,2026-08-25T00:04:09.331Z,2026-08-25T00:04:09.331Z
6f99dabd-e056-4d98-af16-037659d1940f,a9358d81-3d4b-4122-adfe-a18d73a7486a,3,,,2026-08-25T00:04:09.331Z,2026-08-26T00:04:09.331Z
4669dc08-c110-4c0e-a549-2d94360a10a2,09527637-cae7-48dd-8faa-1b1a1bf16caa,4,,,2026-08-25T00:04:09.331Z,2026-08-26T00:04:09.331Z
1f70314d-6ec4-44e1-b833-aba3e4592bf0,79de26f8-48a0-41d7-9786-289e09003027,5,,,2026-08-25T00:04:09.331Z,2026-08-25T00:04:09.331Z
a873afc4-ee43-4b9e-89a2-3a2059e4a26c,6555ffc4-97c6-47f3-84e9-fbcb154224e0,4,,,2026-08-25T00:04:09.331Z,2026-08-26T00:04:09.331Z
7e4c8848-dd0b-4bbc-b20d-70c34acc532a,4265fd01-fce8-449a-8d7b-0ecfc3114262,3,,,2026-08-25T00:04:09.331Z,2026-08-26T00:04:09.331Z
c6343e13-e2ea-4feb-af27-f330406ea260,8f166053-e5b1-44bb-a40f-170e57e18382,4,,,2026-08-25T00:04:09.331Z,2026-08-26T00:04:09.331Z
a62ecf74-2ecc-4f7e-a1e1-edd7a2084393,165dc6e8-5071-4be5-9714-31c8a42a4249,3,,,2026-08-25T00:04:09.331Z,2026-08-26T00:04:09.331Z
8d177aaf-7471-4601-a990-0e44b9b01d69,6fd1ef11-f473-4333-9d50-47729b7e7718,4,,,2026-08-25T00:04:09.331Z,2026-08-25T00:04:09.331Z
52e15370-2dbb-4492-a7a4-2492c1c8c65d,b65ff4a9-e5e9-4bfc-85ab-b009c85a0e88,5,,,2026-08-25T00:04:09.331Z,2026-08-27T00:04:09.331Z
03af4e9d-fd85-45f4-9af3-569011f21ca1,88d71f7e-a09a-4eb8-a8c8-666ff1fdd8c9,5,,,2026-08-25T00:04:09.331Z,2026-08-26T00:04:09.331Z
adb91131-2763-4b7a-910a-3115ed4b5024,4719a8c5-1466-4f31-86ca-5a71e76d1d2d,4,,,2026-08-25T00:04:09.331Z,2026-08-25T00:04:09.331Z
229f282d-d400-43a5-a731-3ad0f5a4f5de,c3217854-b24e-44ab-80a8-a9f62a02d9de,5,,,2026-08-25T00:04:09.331Z,2026-08-27T00:04:09.331Z
8db472da-6828-4aff-83b6-2d4d539ad9c4,aeb4e514-9309-4941-b60a-019df24cf33f,5,,,2026-08-25T00:04:09.331Z,2026-08-26T00:04:09.331Z
164f9600-c848-4d41-b910-0bdaa4fac1ab,f1762ba4-85e7-4a94-9d5f-607abe35c05f,5,,,2026-08-25T00:04:09.331Z,2026-08-27T00:04:09.331Z
fa1cc980-a4dc-4f67-ab04-ede3565dffde,2ef5958c-c940-4635-b2a3-b951b62f5fad,5,,,2026-08-25T00:04:09.331Z,2026-08-25T00:04:09.331Z
d63cd9a1-d5b5-480e-aa68-5a22aa7685ca,6675e8ce-edb1-4944-bc40-bebc8939e783,4,,,2026-08-25T00:04:09.331Z,2026-08-26T00:04:09.331Z
330c537c-ab10-42a9-9cb1-39553327b317,69de80c9-f780-44b1-a4d1-e901127ce8cb,4,,,2026-08-25T00:04:09.331Z,2026-08-26T00:04:09.331Z
d4c83048-ec2c-4102-9f91-a30090efe2a0,9984d165-216c-46a0-b04f-6eeeabfad549,4,,,2026-08-25T00:04:09.331Z,2026-08-27T00:04:09.331Z
b21fd3ae-c21e-4405-8ab1-14074ce378dd,6cfcd6ee-36bf-47b4-9000-9f365dbd4f2d,5,,,2026-08-25T00:04:09.331Z,2026-08-26T00:04:09.331Z
e02ec345-2076-4478-928b-9cec3db81ded,a160577c-637d-4db7-9b2f-d776f4ddc88f,4,,,2026-08-25T00:04:09.331Z,2026-08-26T00:04:09.331Z
dc079b35-b0b7-4c29-8da2-d1baa4e40eaf,1fb8a18e-a5c8-4f2f-b257-123b04508bb8,5,,,2026-08-25T00:04:09.331Z,2026-08-26T00:04:09.331Z
58f1a269-674f-4a55-9b2e-3d4af89679a8,b6e80b11-5d6d-4ea0-90e5-4afcb2009f1c,4,,,2026-08-25T00:04:09.331Z,2026-08-27T00:04:09.331Z
d1fa6f30-1525-4587-b3f3-4a1689f6098c,0777223b-0511-48fd-bcdf-08ce276abf89,4,,,2026-08-25T00:04:09.331Z,2026-08-27T00:04:09.331Z
90fd59d9-735e-4916-bb9c-2c14aed16eb1,9e57c862-a75d-4d98-a890-7a5f49fe3432,3,,,2026-08-25T00:04:09.331Z,2026-08-27T00:04:09.331Z
3324fb81-0f11-4cd8-83d8-eb04b61772aa,9b503249-022d-4c0a-9145-a6bce4e17c78,4,,,2026-08-25T00:04:09.331Z,2026-08-25T00:04:09.331Z
aefe7b71-6f40-49e6-b179-7d0878ccd366,b5885c4f-80f7-4b0f-bc36-078452a6a24e,4,,,2026-08-25T00:04:09.331Z,2026-08-27T00:04:09.331Z
753712f0-da50-4e9d-a3f2-508152743f23,886cab62-5322-4ebc-9a89-2399cfc7e7f0,5,,,2026-08-25T00:04:09.331Z,2026-08-25T00:04:09.331Z
06a27a92-0054-4d2e-a03d-3d2fdaa27f9f,98df7341-cbb0-45f9-a63d-f5eada2eedbf,3,,,2026-08-25T00:04:09.331Z,2026-08-27T00:04:09.331Z
ae82380c-c3f3-4d2b-b1b2-d21d5cfecb52,65bfcb6d-074f-4ed6-bd0a-ff60d7295d3b,5,,,2026-08-25T00:04:09.331Z,2026-08-26T00:04:09.331Z
194a0128-f7b4-455c-83b7-0fa57c010bee,ec181238-72d8-4a16-9dd8-9831064bfb75,4,,,2026-08-25T00:04:09.331Z,2026-08-25T00:04:09.331Z
c6ec400f-e71a-4ca3-adbf-93739a64ffa1,e79f516d-ded0-4f57-aac9-9d11f0d53574,5,,,2026-08-25T00:04:09.331Z,2026-08-26T00:04:09.331Z
7578014f-648e-4609-8dd2-8d12e30c66f0,186a451a-5e20-4515-ad12-609a8c84ac91,5,,,2026-08-25T00:04:09.331Z,2026-08-25T00:04:09.331Z
e843919c-b687-4b9b-836c-6411aadc615b,be9700e4-bb34-4bc2-99f0-4cc2fbe11164,5,,,2026-08-25T00:04:09.331Z,2026-08-26T00:04:09.331Z
b6fe3824-e670-4d31-a4be-391252abf1fc,38e9b58a-c9bd-41bc-9c93-504fbdb90867,5,,,2026-08-25T00:04:09.331Z,2026-08-25T00:04:09.331Z
20360981-7066-49cd-9991-62bec9b0b8a4,20fc21fb-6743-42ff-b54e-182af85e81aa,4,,,2026-08-25T00:04:09.331Z,2026-08-25T00:04:09.331Z
781ce12a-f280-4050-a424-2a8ecdb257fa,772724d3-ec36-4a3b-9a04-dba9de763d49,5,,,2026-08-25T00:04:09.331Z,2026-08-26T00:04:09.331Z
98c7ab03-0575-4cc5-a279-b9b059961010,433d56ea-0a69-4586-8344-f9dda3e985f3,5,,,2026-08-25T00:04:09.331Z,2026-08-27T00:04:09.331Z
9f4d1e99-cbd9-484c-8686-7712d4214cb5,f2afa987-d712-4011-9e9c-5d6da38d40f0,5,,,2026-08-25T00:04:09.331Z,2026-08-26T00:04:09.331Z
0d748ae3-6f6b-41b9-92a7-65338241ed4c,dc6a02dc-0546-47bb-846b-01798d460446,5,,,2026-08-25T00:04:09.331Z,2026-08-27T00:04:09.331Z
e48f0d91-54cd-4317-af09-3867d94ed062,e28aa6ad-dd53-4e27-bce7-eda4701fb422,4,,,2026-08-25T00:04:09.331Z,2026-08-26T00:04:09.331Z
155ba3c1-f868-40aa-be51-fe54a37abb3b,98b4fb66-cc11-4bc1-80d2-3c7cf76a1348,5,,,2026-08-25T00:04:09.331Z,2026-08-27T00:04:09.331Z
bf39212f-30cc-4a54-82f2-3e1ac065b73e,d0ba995f-b291-4f4d-9846-b4d24ebc1283,4,,,2026-08-25T00:04:09.331Z,2026-08-26T00:04:09.331Z
eb6c9d2c-6f22-4816-a138-bded9ef2c36b,8194b20b-67d0-4e7c-b9df-b258ad9fc54b,5,,,2026-08-25T00:04:09.331Z,2026-08-26T00:04:09.331Z
0b8a2995-63ec-4a8c-acf7-099777ad27c7,c458d346-3a04-4ba2-b094-c0574e83ce59,5,,,2026-08-25T00:04:09.331Z,2026-08-26T00:04:09.331Z
1727b237-c9ba-467b-84e2-e014f899dd12,9fae018f-4538-4c36-9bb8-5d31b941c36c,4,,,2026-08-25T00:04:09.331Z,2026-08-27T00:04:09.331Z
d5d968e5-e64f-4c7d-a427-e1082fefec55,64cda913-9017-4441-840e-9536a07457fe,4,,,2026-08-25T00:04:09.331Z,2026-08-26T00:04:09.331Z
eb4112c8-2170-45f9-b903-d6f3362f828c,8533ae8c-8579-45fd-84f6-7eb7a89d1e83,5,,,2026-08-25T00:04:09.331Z,2026-08-25T00:04:09.331Z
ab1a1e4e-0b19-4b5f-9921-1b85ac066b33,2f578295-3953-475e-b4ed-b2011161c6e4,4,,,2026-08-25T00:04:09.331Z,2026-08-25T00:04:09.331Z
1bb234d4-69bc-4f3e-a125-7bae4d597b41,1c36b60b-f5b1-4aac-ba4a-d97dcb1b53bf,3,,,2026-08-25T00:04:09.331Z,2026-08-27T00:04:09.331Z
7a21ba5d-64aa-4155-b6bc-aa7651d0c2cc,fef60e8d-9728-415f-8eff-3a17aba598fb,4,,,2026-08-25T00:04:09.331Z,2026-08-26T00:04:09.331Z
0791ce81-8f46-4a74-b494-9a041ed2328f,426869b6-d6c5-4a38-adaf-1ef47da321f4,5,,,2026-08-25T00:04:09.331Z,2026-08-26T00:04:09.331Z
e831f814-d55e-4a97-af70-32e8450e4baf,26a2b293-88b4-481f-9503-0d5cf3c22116,4,,,2026-08-25T00:04:09.331Z,2026-08-26T00:04:09.331Z
b42f283a-70d9-41f3-995b-0cc961b390ec,1f29c2a9-e16d-489a-ba01-6dba7bf6c7ea,5,,,2026-08-25T00:04:09.331Z,2026-08-26T00:04:09.331Z
511d154e-70b4-43c7-94f5-c306c9c2e834,e2e10096-f776-499d-8a5c-c30478e7fb59,5,,,2026-08-25T00:04:09.331Z,2026-08-26T00:04:09.331Z
7053d9b0-5ade-43e0-96c0-fd0edb014750,bd0e941a-036c-44cf-b255-7d9937565352,4,,,2026-08-25T00:04:09.331Z,2026-08-27T00:04:09.331Z
f8980385-7e4d-4fae-9b22-25f7f0c5d440,45cb67a8-9090-40be-82d1-788269c133cd,5,,,2026-08-25T00:04:09.331Z,2026-08-25T00:04:09.331Z
3d8c3648-9792-4ea5-89bd-a4a2d0cb0683,24f7d291-1efe-4b5d-8704-579828b6034d,5,,,2026-08-25T00:04:09.331Z,2026-08-26T00:04:09.331Z
5cbc5412-1861-47df-ae73-64afcc25e820,b285aa2f-dffd-4625-b56e-e5adcc9f2d52,5,,,2026-08-25T00:04:09.331Z,2026-08-27T00:04:09.331Z
015cff7d-5d32-48e8-8e25-a3c99047c7e9,8ea74b70-7a61-4087-9b7c-3f1936aa4249,5,,,2026-08-25T00:04:09.331Z,2026-08-25T00:04:09.331Z
51f20e07-9c6d-4b50-81a9-e47ae3b8da07,5633f947-015d-4fd7-8ac8-dea9ced4b30c,5,,,2026-08-25T00:04:09.331Z,2026-08-26T00:04:09.331Z
6324e9c0-8cb8-4a27-b56e-16dd0d2e7be4,857cdfc2-fe1c-469e-9162-c20fec534224,5,,,2026-08-25T00:04:09.331Z,2026-08-25T00:04:09.331Z
9e8c0523-2fb1-491e-a848-8fc2361f4341,682dfe85-f7ac-4414-b9be-ba3c5fde86c4,5,,,2026-08-25T00:04:09.331Z,2026-08-25T00:04:09.331Z
eda7ab20-8124-47c1-816c-4fcb92ec55b4,d44f2688-f0c0-4694-be66-5d9192f54408,5,,,2026-08-25T00:04:09.331Z,2026-08-25T00:04:09.331Z
7fde040a-de15-47fc-8fe8-1ebf4fe0449a,43bb649d-d99c-4aab-b44a-2546981126a5,4,,,2026-08-25T00:04:09.331Z,2026-08-25T00:04:09.331Z
9ffeb63c-7822-40ba-8901-90fc425a3627,be452981-ad7a-4457-9537-9a67e2c67453,3,,,2026-08-25T00:04:09.331Z,2026-08-25T00:04:09.331Z
e6f33857-1b91-46c0-8e1b-efe01be878cb,b7679276-e765-457c-9a26-80869cc30447,4,,,2026-08-25T00:04:09.331Z,2026-08-25T00:04:09.331Z
5cf06931-49a9-413e-8ae0-0f53686b74a8,6948f9e4-9cbc-4e3f-9dbb-152f8b5bda77,5,,,2026-08-25T00:04:09.331Z,2026-08-25T00:04:09.331Z
839d015e-e534-4f7a-9829-b863904d688c,a04c3bcc-10f2-4da4-8edc-b75018ecc9f5,5,,,2026-08-25T00:04:09.331Z,2026-08-25T00:04:09.331Z
100d58b1-28ef-4949-b3dc-efd33c1a3d56,9be34cf1-e9b5-4c85-8379-223ea6c4d69c,5,,,2026-08-25T00:04:09.331Z,2026-08-26T00:04:09.331Z
b1921c81-9c5b-43af-a11f-9dc467c3d422,c98a439a-2c1f-4a64-a698-bbc3013ed96c,5,,,2026-08-25T00:04:09.331Z,2026-08-27T00:04:09.331Z
fef37228-54ac-4cd8-8242-2b74a1ae18ab,bb040ea4-b955-41ab-a37a-8f783f0ede85,4,,,2026-08-25T00:04:09.331Z,2026-08-26T00:04:09.331Z
a9c3888f-9b97-4bc1-9d7b-a254309d8db4,ff063f6d-4b00-4781-a020-290b7e2ef3d8,5,,,2026-08-25T00:04:09.331Z,2026-08-25T00:04:09.331Z
ad1aa231-c0a4-4b07-aa72-c1cdf27750e2,221a9153-b5f3-4791-8d3b-1ad61fb0e245,5,,,2026-08-25T00:04:09.331Z,2026-08-27T00:04:09.331Z
728839d8-289d-4ec2-ad8c-880cfe9f8082,10b51aca-8ddb-4494-862c-b0b1d59765e8,5,,,2026-08-25T00:04:09.331Z,2026-08-25T00:04:09.331Z
9071fa17-2f97-4390-ba41-752cca795cbb,f10e29a9-89a1-4b08-8306-ee565bf17170,4,,,2026-08-25T00:04:09.331Z,2026-08-25T00:04:09.331Z
4ddb7cff-2337-4e19-9bae-2e2d9cdbeec3,f21c0aff-5c54-4557-ba50-4614b2bc0b76,5,,,2026-08-25T00:04:09.331Z,2026-08-26T00:04:09.331Z
60072773-062c-4e83-bc0f-16f0a89a6fdf,43638e3b-8e1a-4acf-b3d7-2447a09e196a,4,,,2026-08-25T00:04:09.331Z,2026-08-26T00:04:09.331Z
5bd6b4f9-41ef-4d11-8b73-aeddec3df3bb,0f463b3e-7044-422b-a856-2400e3803dfb,5,,,2026-08-25T00:04:09.331Z,2026-08-26T00:04:09.331Z
06f44bd5-ad7c-4672-b9ea-57f2bd89f64d,f6883646-3c7e-459b-8246-de26aeb41097,5,,,2026-08-25T00:04:09.331Z,2026-08-25T00:04:09.331Z
f7989f51-b5a5-409b-ab0b-e6fa53c2cbc9,78c0589c-9795-4b7a-a1e1-6e675e8c4427,3,,,2026-08-25T00:04:09.331Z,2026-08-26T00:04:09.331Z
2adc842c-1cc5-4693-9e17-bb61b2d6d9f3,80d41f39-b00d-4b1a-8cc4-4b116db89820,5,,,2026-08-25T00:04:09.331Z,2026-08-25T00:04:09.331Z
47aa9f96-917a-4ef9-8d19-e6b666e6cf3f,4a8a666b-f512-4d6e-87fd-45e633116105,4,,,2026-08-25T00:04:09.331Z,2026-08-26T00:04:09.331Z
d72b7940-dbbd-4df1-becb-f4bdc386be09,857aad23-914b-40aa-8b4b-3d2a9bc21733,5,,,2026-08-25T00:04:09.331Z,2026-08-26T00:04:09.331Z
b8e75280-db3c-4a71-a5c9-d648204c75fb,458fe740-7a68-4504-a6fe-436c0b4e9b41,5,,,2026-08-25T00:04:09.331Z,2026-08-25T00:04:09.331Z
3868e98b-c532-4b70-9359-a4bac36a947a,786f9f6a-b8c4-4e8f-8b9a-3c20f50f0c2f,5,,,2026-08-25T00:04:09.331Z,2026-08-27T00:04:09.331Z
af8a1a66-5487-452e-9fc6-91308e7c8842,9d14e377-d9c1-4947-a445-f4a8a9a4a4a0,4,,,2026-08-25T00:04:09.331Z,2026-08-27T00:04:09.331Z
5e43268a-3650-4a01-9016-8223c8a711a5,7a667ecd-6cbc-473c-93e3-a8d34854d08a,4,,,2026-08-25T00:04:09.331Z,2026-08-25T00:04:09.331Z
100e991b-7e73-4a10-8787-2d2d1439b2d4,a422a8ed-f597-4657-9e25-b33c415908ad,5,,,2026-08-25T00:04:09.331Z,2026-08-25T00:04:09.331Z
f763964d-fb06-4438-ab29-ac5e48e26bd5,2804f285-b7c0-4191-ba0d-bdbdd476172d,5,,,2026-08-25T00:04:09.331Z,2026-08-26T00:04:09.331Z
85615f91-5c63-401b-86d8-d82f6f8bc39d,d696bbd5-c01f-4fa1-83ac-589fd6099777,5,,,2026-08-25T00:04:09.331Z,2026-08-26T00:04:09.331Z
7482a8a6-5e8a-4390-8ed8-d40cc93864e4,604bc51d-d30a-47d2-9d9b-d822b55bcb72,4,,,2026-08-25T00:04:09.331Z,2026-08-27T00:04:09.331Z
c6642abf-e309-4e75-966c-ea8fa8ffd552,1f6d2eef-24d9-4287-9974-ba249cd98344,5,,,2026-08-25T00:04:09.331Z,2026-08-26T00:04:09.331Z
6f989884-5805-41c7-83d8-6386d0f19f40,f1e86f4d-386a-4009-8582-434427822414,5,,,2026-08-25T00:04:09.331Z,2026-08-25T00:04:09.331Z
6a5efb98-7344-41e5-920f-da7975719715,fef3bc00-b1c8-4301-8c67-f5ec2378131e,5,,,2026-08-25T00:04:09.331Z,2026-08-25T00:04:09.331Z
5ad74fe6-cf65-40e6-9900-f5a0ef25b068,cf3e11e2-b044-4ed8-ac24-4051fdb9f975,5,,,2026-08-25T00:04:09.331Z,2026-08-27T00:04:09.331Z
5258cce3-ecd2-4a43-918b-6ce8903f9b14,07b62417-3a7f-49d7-847f-92fa45967520,5,,,2026-08-25T00:04:09.331Z,2026-08-27T00:04:09.331Z
6684524b-e992-4615-83c3-e30642373a9d,ff139a0d-0726-4229-8e74-38dacdd35880,5,,,2026-08-25T00:04:09.331Z,2026-08-25T00:04:09.331Z
ba70b42b-0ddb-4155-98e5-157f1c22bf7d,d578d0bb-7a04-4ab2-8947-99283b03edd2,5,,,2026-08-25T00:04:09.331Z,2026-08-26T00:04:09.331Z
9c745fb4-f2e9-43c0-be9c-6f725a4326c6,4baecc03-7688-4db0-a2e7-fb695891f40d,5,,,2026-08-25T00:04:09.331Z,2026-08-27T00:04:09.331Z
f5a1af04-fa1f-4cf1-9ba2-4dd2a7a22191,c9f191a7-6efb-4b8c-8c43-ba085cd20b34,5,,,2026-08-25T00:04:09.331Z,2026-08-26T00:04:09.331Z
2cf08eb9-ae04-4a3c-902a-dd7be956d01c,284cf099-809b-498d-ae35-34497e6bde29,4,,,2026-08-25T00:04:09.331Z,2026-08-26T00:04:09.331Z
b4a07c46-8114-4c84-9262-ac7b6ea9c454,536aef11-97e2-4d90-a790-292df7cc1f3e,4,,,2026-08-25T00:04:09.331Z,2026-08-25T00:04:09.331Z
c2efebe2-6dca-4e09-947d-dfb2df7b0a3d,b3438e1c-2952-4280-b56e-4d738c3f4c36,5,,,2026-08-25T00:04:09.331Z,2026-08-25T00:04:09.331Z
68348288-eb9e-486d-93bb-661357c821a5,0f2d246a-42c0-430e-af23-a77e0068d33a,4,,,2026-08-25T00:04:09.331Z,2026-08-25T00:04:09.331Z
80a60cae-476c-41a5-b55b-6c6663afe22a,0762fc0c-639d-46fe-a708-990efb132d6c,4,,,2026-08-25T00:04:09.331Z,2026-08-26T00:04:09.331Z
3e7b69c1-552b-4b57-8be5-c2d1b296c040,9a103ca5-a1e0-4327-abc7-06d404f84a24,5,,,2026-08-25T00:04:09.331Z,2026-08-27T00:04:09.331Z
99addfc5-c84d-4b0a-aa1b-73239bcdf24e,e06319f5-b4a2-4ebd-b539-8b1c3596d0bb,3,,,2026-08-25T00:04:09.331Z,2026-08-25T00:04:09.331Z
cd89a17b-c335-4fd6-a696-c342197a2059,ca364dbd-b49d-4ad6-9b20-132d37aefbef,5,,,2026-08-25T00:04:09.331Z,2026-08-27T00:04:09.331Z
f5e97bf1-6b82-4119-94a7-6311acf324aa,d962dd4e-b73e-4045-becc-7a4c2b04a4e0,4,,,2026-08-25T00:04:09.331Z,2026-08-25T00:04:09.331Z
bcaeabef-007b-4a8d-ac7d-e37a3c2c1f1e,80b461de-7a3d-4da6-9217-649f236ff419,4,,,2026-08-25T00:04:09.331Z,2026-08-27T00:04:09.331Z
eafdeae8-587e-46eb-9ed6-927fc3f73e92,76149b22-f8ac-45ab-8a62-f911712efba7,4,,,2026-08-25T00:04:09.331Z,2026-08-26T00:04:09.331Z
7a3cf665-7c52-425f-8829-e9c4eb9c1f06,5f0448bc-6118-4987-a172-4d07f07e0339,5,,,2026-08-25T00:04:09.331Z,2026-08-25T00:04:09.331Z
524e72ce-2a36-4ed6-893a-04b4b88c7d27,14dd764e-e50b-48ac-a140-e6d60fd3fdff,4,,,2026-08-25T00:04:09.331Z,2026-08-25T00:04:09.331Z
d5740078-f9c9-4093-821b-cbaf4b430d01,3c37017e-e377-4393-9af5-0b7b0a28738c,3,,,2026-08-25T00:04:09.331Z,2026-08-26T00:04:09.331Z
8fb7fd39-f9af-4db9-9193-38de906b9357,333666e2-f189-4d26-b44e-4855fc066659,4,,,2026-08-25T00:04:09.331Z,2026-08-27T00:04:09.331Z
c206ca57-2e09-46f2-a196-fadd8914e44a,40576175-d60d-4a14-a89f-0c7b2b3d50c1,5,,,2026-08-25T00:04:09.331Z,2026-08-27T00:04:09.331Z
dfe68331-6eac-4159-9c5e-a7e449dee5eb,88b8f496-47e8-4260-8aa3-68bfea29faa5,4,,,2026-08-25T00:04:09.331Z,2026-08-26T00:04:09.331Z
c7ecee82-5c53-453f-9356-2d31d8547cf4,6c7a3dc6-fcd2-4305-9447-2a9104ce50c9,5,,,2026-08-25T00:04:09.331Z,2026-08-25T00:04:09.331Z
f0c91286-a12c-46e6-b0d5-c61735fe7331,0b62a415-afbd-477b-8814-9e9bf971cb98,4,,,2026-08-25T00:04:09.331Z,2026-08-26T00:04:09.331Z
e9538693-3c49-4a15-b9a6-d0e9248efd6f,24a35d7d-306a-4190-8f16-346f7951a09b,4,,,2026-08-25T00:04:09.331Z,2026-08-27T00:04:09.331Z
52b09f23-3d1d-45be-b2f2-acb532d2ec0d,062fa04f-1398-49e8-bab2-c61ed516c055,4,,,2026-08-25T00:04:09.331Z,2026-08-25T00:04:09.331Z
17b699c6-64bf-4a73-84cc-b012cb711f9e,8e2cfbdd-c25d-4cdf-98eb-2ea9192d54cc,5,,,2026-08-25T00:04:09.331Z,2026-08-25T00:04:09.331Z
b0cb4692-497a-4913-a0d1-6ff394c91b03,b6789f7e-7f78-41a1-8903-5b42a440b60f,4,,,2026-08-25T00:04:09.331Z,2026-08-26T00:04:09.331Z
c34e1f8c-15d6-4022-a8be-238bf64c0d07,d0c1caaf-5ded-47da-947c-7f6a1caaff80,5,,,2026-08-25T00:04:09.331Z,2026-08-26T00:04:09.331Z
cee0c4d4-61a1-4207-a73a-78472aef276d,98da0803-d715-4de3-8520-eb7175700b40,4,,,2026-08-25T00:04:09.331Z,2026-08-27T00:04:09.331Z
c106597c-2a12-490d-ba10-e3e61741b24d,b1bd33b0-1167-4da3-a7ad-3a6b8b87b0d1,5,,,2026-08-25T00:04:09.331Z,2026-08-25T00:04:09.331Z
97cc18e5-fa0b-4338-9a03-50c0c0b5ae70,c60af8bb-6f91-4479-9749-99bd42941a15,4,,,2026-08-25T00:04:09.331Z,2026-08-25T00:04:09.331Z
57ebb97c-dc3a-4846-b5c5-48b51f3ea6b7,f1eca7ae-01f6-4cfa-a75c-3b04e2673397,5,,,2026-08-25T00:04:09.331Z,2026-08-27T00:04:09.331Z
30f8c0fa-bd40-4ea5-bde6-3ff498253695,e14354e6-b38e-4bb1-9af5-9b9129cbf7a9,5,,,2026-08-25T00:04:09.331Z,2026-08-25T00:04:09.331Z
2aa9f8ab-4200-4d1e-9990-730b17a4bd87,9aacc4d3-da39-4bc8-acaf-5c46181e26d9,4,,,2026-08-25T00:04:09.331Z,2026-08-25T00:04:09.331Z
8a415782-dda2-45ae-a583-94637a582c98,d106d311-1c7d-40c5-a574-4be6d0828409,4,,,2026-08-25T00:04:09.331Z,2026-08-26T00:04:09.331Z
5477154a-5ac0-46a3-872f-6162dd403d73,cf5bb1f8-f326-423c-84e4-4686005903c2,4,,,2026-08-25T00:04:09.331Z,2026-08-26T00:04:09.331Z
0a6adb8e-f3c0-428c-8644-e00d132fbac6,4fc44b06-1660-424d-9baa-cff932af4469,4,,,2026-08-25T00:04:09.331Z,2026-08-27T00:04:09.331Z
19497c37-530c-49be-b4dc-6b0853902fbc,d1a056ae-249e-4ec5-8fe2-cc0bce5c62ec,4,,,2026-08-25T00:04:09.331Z,2026-08-27T00:04:09.331Z
6dd8ea04-b41f-442c-8dc5-d33652fc1fca,3d33508b-0e7e-4197-9429-711fa9f5ca84,5,,,2026-08-25T00:04:09.331Z,2026-08-25T00:04:09.331Z
bebc3c90-8f7e-4b9c-a512-d069cf60d66a,fad224c4-bdd9-46da-ba92-0f79a19aba5a,5,,,2026-08-25T00:04:09.331Z,2026-08-26T00:04:09.331Z
523071f0-4ac8-4981-85b7-04d75f16ba2d,28995a3b-7c95-4ce9-b15e-728b7c5959c0,3,,,2026-08-25T00:04:09.331Z,2026-08-27T00:04:09.331Z
844f0d6f-29d1-4aa1-8f23-6d73253470a5,1f178c96-fa50-41f4-bf20-4f6dc3d8490e,4,,,2026-08-25T00:04:09.331Z,2026-08-25T00:04:09.331Z
58123154-8020-4559-91ff-dfbd505a4b52,98b40683-b697-42e8-be1f-8f885c5cf17a,4,,,2026-08-25T00:04:09.331Z,2026-08-26T00:04:09.331Z
37d5e083-12e0-4522-8841-f8ad3268d73d,ad324671-172c-4e35-9b73-7154fc8065fc,4,,,2026-08-25T00:04:09.331Z,2026-08-26T00:04:09.331Z
f1825a21-cc70-4b83-815b-8b60307820f5,6ccd9cd1-db91-4cfb-b812-f20500a53f79,5,,,2026-08-25T00:04:09.331Z,2026-08-26T00:04:09.331Z
4b13785d-5f34-4591-a670-f6064f00a500,ef912403-4783-4b61-bc6a-6568926bc455,5,,,2026-08-25T00:04:09.331Z,2026-08-27T00:04:09.331Z
2f131d98-86aa-41ef-9fde-25a9f1d76a7a,5e5850d9-f8e1-41d3-a7e7-10dd77204093,5,,,2026-08-25T00:04:09.331Z,2026-08-25T00:04:09.331Z
6528c4b3-162c-417e-80c2-4b0fb00387da,295ddda4-6ed1-4432-9201-beae6578c79c,5,,,2026-08-25T00:04:09.331Z,2026-08-25T00:04:09.331Z
610d5510-aba5-477f-9e3f-3133f392f1cf,0f8a07e5-223b-44c8-a8ee-2816cce95b51,4,,,2026-08-25T00:04:09.331Z,2026-08-25T00:04:09.331Z
ae7fc206-3933-4c76-93f8-d81c6b7cd7b6,6901e8fc-2007-4724-8cd5-ff94fa053661,4,,,2026-08-25T00:04:09.331Z,2026-08-27T00:04:09.331Z
6f098287-ad82-486a-a0cd-54464e393938,8d712ee9-a448-4bdf-9a3e-901cdcfb7a65,2,,,2026-08-25T00:04:09.331Z,2026-08-26T00:04:09.331Z
8206daa5-b96a-4a27-97f1-fc3d635829ae,ece604e1-c54c-456d-9a49-ff3aa99f5836,5,,,2026-08-25T00:04:09.331Z,2026-08-27T00:04:09.331Z
37c784ad-cb2e-4027-916d-65e49dbc4cb9,68a41e73-92a1-4f51-a55b-94a1e50a75fe,5,,,2026-08-25T00:04:09.331Z,2026-08-27T00:04:09.331Z
189c1843-e39b-4e15-8bbe-64d77c3771a6,72abe84f-c221-4430-8a45-d4ff84fe2e2f,5,,,2026-08-25T00:04:09.331Z,2026-08-27T00:04:09.331Z
5343b5e3-dff4-4a2f-a06c-b8344b5e328f,deaa59a6-e38f-4d78-ba9d-93aa05622cc9,5,,,2026-08-25T00:04:09.331Z,2026-08-25T00:04:09.331Z
23e341da-10f8-4fed-8cfd-8df4121c01ff,3666ffed-c636-4d5e-827e-27d603c55116,4,,,2026-08-25T00:04:09.331Z,2026-08-26T00:04:09.331Z
e34e803c-38de-4581-a7f3-d118f1421348,b3e23720-757d-4d75-a180-0b4c74e0c449,4,,,2026-08-25T00:04:09.331Z,2026-08-25T00:04:09.331Z
c8566a83-edb9-40c3-b311-91d6312b5202,6711e95c-f408-4691-9138-325ac232ffdc,4,,,2026-08-25T00:04:09.331Z,2026-08-26T00:04:09.331Z
53b15ea1-e884-4b0a-9b8e-73b7217cf551,f842dd65-827b-4eac-8c18-431afc12862b,5,,,2026-08-25T00:04:09.331Z,2026-08-25T00:04:09.331Z
c1d24c27-a939-41b7-a62a-9b570c494ba3,007911cd-b5e3-4a2c-b41b-cbb40cb78404,4,,,2026-08-25T00:04:09.331Z,2026-08-27T00:04:09.331Z
30ffdece-cd23-4af4-b7fe-a06349c70eab,7d76ce0e-bee4-4d39-8a18-482f226059aa,5,,,2026-08-25T00:04:09.331Z,2026-08-25T00:04:09.331Z
646a8e02-d964-4257-8565-469cd354cedc,123b859f-92f9-4635-9c64-36c57d0e11ca,5,,,2026-08-25T00:04:09.331Z,2026-08-27T00:04:09.331Z
6a25b589-c5cf-4afa-97c1-2efc81fe9b88,f77d2d2a-70b6-4c0f-bca6-cbb3ad50ecc0,3,,,2026-08-25T00:04:09.331Z,2026-08-27T00:04:09.331Z
bb6e8337-c00f-49bb-be1e-f140513ed877,091d71ff-1475-4cf3-8ae4-efb397aa6645,5,,,2026-08-25T00:04:09.331Z,2026-08-27T00:04:09.331Z
e9afc450-a3c1-4313-a858-6de468c3abe4,df48ac39-d1d3-4786-ba75-aa9ca9c67fec,5,,,2026-08-25T00:04:09.331Z,2026-08-27T00:04:09.331Z
41cbb6dc-ced6-4ca2-b7be-5dcb37a64db9,c2c2fa6b-d749-4837-a034-553ebdc5cfd8,5,,,2026-08-25T00:04:09.331Z,2026-08-25T00:04:09.331Z
824de619-30a6-4250-ad7b-d71b5ea58117,e04bf10e-3936-4e8e-bec8-9f8197028883,4,,,2026-08-25T00:04:09.331Z,2026-08-26T00:04:09.331Z
51cfcb7c-3910-45fd-be95-c9631dbf285d,eef42b87-1963-490c-9943-6efcc6fc4a3b,4,,,2026-08-25T00:04:09.331Z,2026-08-26T00:04:09.331Z
1efa757e-613d-4cce-aedd-37467ba4ac53,88fc1f4c-cc56-4e50-ba73-58f5c8183cc3,4,,,2026-08-25T00:04:09.331Z,2026-08-27T00:04:09.331Z
e6046833-7a5f-40dd-a6b9-f02d641f79ff,63893c96-ad1b-4afe-8767-e4e22d254b94,5,,,2026-08-25T00:04:09.331Z,2026-08-25T00:04:09.331Z
81fee066-8def-4074-92c9-6444687ff7e0,69e37443-7ddb-48e2-896b-090ede7c4a08,4,,,2026-08-25T00:04:09.331Z,2026-08-25T00:04:09.331Z
9033b84d-fbc0-4e44-9e5d-0e7ce09c9a14,ad47a5c1-7862-423e-a8d6-ac9e0fccecf8,5,,,2026-08-25T00:04:09.331Z,2026-08-26T00:04:09.331Z
86c9b1d4-6871-434a-ab0f-4d12190166e6,fb011121-e105-4cee-a2cf-e5db9d1a6c2c,5,,,2026-08-25T00:04:09.331Z,2026-08-26T00:04:09.331Z
37f3bd02-bc7b-4e86-ba44-31a5073104d0,d1b36ded-1cd3-4b80-8fed-a4e72232b8f9,5,,,2026-08-25T00:04:09.331Z,2026-08-27T00:04:09.331Z
63bffa3c-ebd4-49e3-997d-6a2937733127,10b7956f-4d31-41e1-8547-e9c181451322,4,,,2026-08-25T00:04:09.331Z,2026-08-26T00:04:09.331Z
a7f45e37-2b38-449e-92e7-7abf0dfba48b,7ebbf304-4706-41bb-b01e-b9c2adf1a510,5,,,2026-08-25T00:04:09.331Z,2026-08-26T00:04:09.331Z
c9827090-182d-42c5-9dd5-55cd98689f87,da87af91-5727-4fd4-b823-229bc786106d,5,,,2026-08-25T00:04:09.331Z,2026-08-27T00:04:09.331Z
dc5439fc-ff9f-4233-b215-6d2342dc281c,9761cc96-fc28-4acf-907f-c868f08192cd,5,,,2026-08-25T00:04:09.331Z,2026-08-25T00:04:09.331Z
04a3a547-97df-4987-9d3f-ff0ec87e1bd9,fbee1e6a-b82d-4d47-aad0-bf5b13da33cb,4,,,2026-08-25T00:04:09.331Z,2026-08-25T00:04:09.331Z
f1ab1e85-5e34-4a6e-a2c6-55bb056df825,28ac791d-6444-4763-8ec1-9bddfe61a1f9,5,,,2026-08-25T00:04:09.331Z,2026-08-27T00:04:09.331Z
31911dbe-e346-4c4d-9903-8a94cc5cafa8,92d14ba0-7832-4f8f-acf5-5413859099d0,5,,,2026-08-25T00:04:09.331Z,2026-08-26T00:04:09.331Z
88117579-7805-4547-97d1-1e401e5a8d7d,e8cf9979-d3f6-47f5-a2df-2052b8900660,5,,,2026-08-25T00:04:09.331Z,2026-08-26T00:04:09.331Z
4eeb10d4-df3f-47f0-856c-94366beead66,7ebeccb3-f9b0-4bda-b6bf-87f412d0a701,5,,,2026-08-25T00:04:09.331Z,2026-08-26T00:04:09.331Z
3a960187-31f8-462a-a7b6-648028f38da9,369b158a-72b0-49f6-802a-ee9e68f9bb50,4,,,2026-08-25T00:04:09.331Z,2026-08-26T00:04:09.331Z
8b4f21b2-e200-4cc8-bcc9-da65bfd8c1cc,14807810-714e-45eb-8e34-07985b2e2a98,5,,,2026-08-25T00:04:09.331Z,2026-08-25T00:04:09.331Z
e58fd64a-8e37-4c15-a13b-5fb21d8238e9,b6e85394-a8f5-4028-992a-28a6a5ee444e,5,,,2026-08-25T00:04:09.331Z,2026-08-26T00:04:09.331Z
43b50bef-6e52-445c-812c-04e1148ed1d2,3662ed1d-216d-4d68-a2d5-170a82b1af93,3,,,2026-08-25T00:04:09.331Z,2026-08-25T00:04:09.331Z
4b78aeee-c857-40a4-b6e3-ee7f85bcb1ed,34973311-b76e-4d2a-8034-238f5642b5d7,5,,,2026-08-25T00:04:09.331Z,2026-08-25T00:04:09.331Z
8f394bb9-6e07-4059-8478-a315c0ac0b39,931543c8-60e0-49c2-8cb6-caadee345fa2,4,,,2026-08-25T00:04:09.331Z,2026-08-27T00:04:09.331Z
084d94b9-ea20-459e-87a5-230b4150a3fc,69da6137-ae8c-4114-96e7-7e856dc33705,4,,,2026-08-25T00:04:09.331Z,2026-08-26T00:04:09.331Z
a509874f-e0a2-42d9-9f7d-1db4e3d8ab82,4fef9f8a-e751-4bfb-a9c2-5c2cfac6a383,4,,,2026-08-25T00:04:09.331Z,2026-08-27T00:04:09.331Z
7e25c61e-b056-4c6f-8714-cefcb82b8f1e,142277b7-5210-43ec-bc5c-3aefa5f9f355,5,,,2026-08-25T00:04:09.331Z,2026-08-25T00:04:09.331Z
1e2f416e-ad74-4cab-9b2c-06c02503ed37,11a63591-5e6c-4e8c-9db4-64b8c0968f55,5,,,2026-08-25T00:04:09.331Z,2026-08-25T00:04:09.331Z
0dabea59-31eb-460a-a712-1826d9a20470,6919e1a2-981a-488b-b08a-aa6d5892aebe,4,,,2026-08-25T00:04:09.331Z,2026-08-27T00:04:09.331Z
8eff196d-6b79-4bc8-a9a8-b8aab99acfd7,8f7fb493-45bd-4c8d-9f11-ee1e6746dda3,4,,,2026-08-25T00:04:09.331Z,2026-08-25T00:04:09.331Z
df892c64-cf7c-4a1a-8d7c-89cf4213214f,ff915947-f959-4fec-ae9f-62181001ca2b,5,,,2026-08-25T00:04:09.331Z,2026-08-26T00:04:09.331Z
d9ccd9ce-b47b-46e1-ae4e-c07434f4647f,5657370c-f155-421e-ae5b-29fc51024856,5,,,2026-08-25T00:04:09.331Z,2026-08-27T00:04:09.331Z
76958878-d6dc-4fae-8579-1fb82c2e840f,c698974f-eab6-43b9-b3c0-d45ef3d2a575,4,,,2026-08-25T00:04:09.331Z,2026-08-26T00:04:09.331Z
5e6f3fbd-0f8e-41e4-839b-fbd267e50703,4e3b81ef-1398-4686-bfa2-2f5160a05d44,5,,,2026-08-25T00:04:09.331Z,2026-08-27T00:04:09.331Z
02b08701-38b8-40da-b953-fdbb9bd1decd,3a5393a1-c664-4afd-b6ae-bc0458baca93,4,,,2026-08-25T00:04:09.331Z,2026-08-27T00:04:09.331Z
61db086c-6255-4df3-b161-132762daa6be,197cc2bf-bf78-4ba9-91a4-b0dc9c9e55d2,5,,,2026-08-25T00:04:09.331Z,2026-08-26T00:04:09.331Z
264c6349-3521-44a2-9e3d-3ded00502ba8,da8b7d1f-9102-48cb-a074-8d0962e5bb5b,4,,,2026-08-25T00:04:09.331Z,2026-08-26T00:04:09.331Z
288a4f1a-0293-438d-9118-756bffe22888,84525a84-90e1-4aa8-bca2-25cc26ec492f,5,,,2026-08-25T00:04:09.331Z,2026-08-26T00:04:09.331Z
e9ef8456-4bcf-4d09-9617-c890a538a0f6,1d577c5d-8bb5-4420-b2be-978b5c2d4271,5,,,2026-08-25T00:04:09.331Z,2026-08-27T00:04:09.331Z
cf3eaa3f-f80a-407b-b345-d6b80f31939a,5d73c217-6306-40d0-a1f2-9f47971da6eb,5,,,2026-08-25T00:04:09.331Z,2026-08-25T00:04:09.331Z
6c3a6cd5-e5a2-4c14-b2d4-b529b83e18c5,3fc2bfb2-1f8f-40f3-a75f-b3b5c3fb2988,4,,,2026-08-25T00:04:09.331Z,2026-08-25T00:04:09.331Z
2a7aa5f4-d00f-4cc8-aa38-9a5bfcb750f5,2c6a84df-e7b2-4303-a5a5-5f770993b3f9,5,,,2026-08-25T00:04:09.331Z,2026-08-27T00:04:09.331Z
ea760a1c-b17b-4e0c-8b84-f45edf0492e6,718182e0-bf75-4fe4-98c8-d650906d46b7,2,,,2026-08-25T00:04:09.331Z,2026-08-27T00:04:09.331Z
492a8a98-d1c9-4a13-aaa5-85461b96de01,63b20045-0106-4ff8-9dee-5285c28ddee8,3,,,2026-08-25T00:04:09.331Z,2026-08-25T00:04:09.331Z
35c4e502-4287-44d8-93e9-99cbc28021c0,4214e2de-a29e-41ad-b370-96331b669b34,5,,,2026-08-25T00:04:09.331Z,2026-08-26T00:04:09.331Z
c20dd4ee-a2c9-44b3-b503-83ffb9de5e3a,8622e679-7d71-4e66-9105-4d68f9f1e5ce,4,,,2026-08-25T00:04:09.331Z,2026-08-27T00:04:09.331Z
dd87d232-5140-4253-b8a5-4731ec8c25f6,526c1f45-b164-4bc0-ae3f-36dc333effcc,3,,,2026-08-25T00:04:09.331Z,2026-08-26T00:04:09.331Z
a822ff7d-6e61-40bf-aea4-26258749a9fd,0c40daf8-7261-4b57-bfb4-044b70959b35,4,,,2026-08-25T00:04:09.331Z,2026-08-25T00:04:09.331Z
69514e91-26cd-4269-a332-596195f01d51,f2f2acc7-bfaa-45a5-be70-335f28d012a2,5,,,2026-08-25T00:04:09.331Z,2026-08-26T00:04:09.331Z
c57d3c40-9f32-4ace-9df9-29cda0201f3b,b95f58ca-add7-452a-a2b3-41a0fa4739b1,5,,,2026-08-25T00:04:09.331Z,2026-08-27T00:04:09.331Z
a7527142-65e5-4eb4-992c-6a856cf8fae4,5155d9de-4860-4467-91b5-6eb1f986060a,5,,,2026-08-25T00:04:09.331Z,2026-08-25T00:04:09.331Z
d20dc730-610d-4b71-9924-694a0b2a368f,eaa257fb-63e0-4586-b2c9-543e1563cbb3,4,,,2026-08-25T00:04:09.331Z,2026-08-26T00:04:09.331Z
8175dafe-4579-45e4-911e-cae01890623f,24b4d5dc-10e3-4266-b8b8-8ac9e48232d1,5,,,2026-08-25T00:04:09.331Z,2026-08-25T00:04:09.331Z
391b66c2-7dfc-4645-8b96-013d01f95d12,ee0c81ab-13f0-4057-bb2f-4b9bab6fbc83,2,,,2026-08-25T00:04:09.331Z,2026-08-25T00:04:09.331Z
9fe080ed-8d5d-4580-a4b6-e570aedd8211,0b4e80a0-8707-49d0-afa1-a7af43400029,4,,,2026-08-25T00:04:09.331Z,2026-08-25T00:04:09.331Z
79bfb0b5-b766-49ce-a16b-ab6f9e380256,971aa2be-dd53-4205-a7f0-7581e1e05834,4,,,2026-08-25T00:04:09.331Z,2026-08-25T00:04:09.331Z
5d2240e4-173c-41cc-9f2c-fbfdac0ff679,1be9ae7c-7797-49fb-b2a8-304d1efa5d1e,4,,,2026-08-25T00:04:09.331Z,2026-08-25T00:04:09.331Z
537da441-b9b9-4a29-baa0-e7490374bd44,832adac9-6781-4d86-bbab-39daab7636fe,4,,,2026-08-25T00:04:09.331Z,2026-08-25T00:04:09.331Z
a98d793d-bb3c-4bb3-99d6-842970cbcca4,b5ef90f2-54f3-49a5-bd49-27d21ee20662,4,,,2026-08-25T00:04:09.331Z,2026-08-26T00:04:09.331Z
9f742e60-6b7b-4f7f-90e2-3291867b6fd4,f153f005-dc3e-4b00-b66e-e02e284fbabe,5,,,2026-08-25T00:04:09.331Z,2026-08-25T00:04:09.331Z
023bdb2d-28a2-44be-b34c-0d278af102e4,26efc2df-0c4c-4a4d-b628-c0d6d783251a,4,,,2026-08-25T00:04:09.331Z,2026-08-27T00:04:09.331Z
d4b8d63c-d9e4-4e80-9b6d-8608295f4ee5,827d4a9a-60e4-41c5-bcef-95790051d473,4,,,2026-08-25T00:04:09.331Z,2026-08-27T00:04:09.331Z
23c8613b-b4eb-47b9-8423-de34c7818cc7,dc7226c5-4180-433a-97a3-70dc52ca1c95,3,,,2026-08-25T00:04:09.331Z,2026-08-25T00:04:09.331Z
c1e16d05-ab72-4db6-b4bc-075145138248,beecd53d-229d-4392-bd9f-1c16e7e23146,4,,,2026-08-25T00:04:09.331Z,2026-08-27T00:04:09.331Z
7e596ebe-d203-4d8c-bf1f-7f36e7ba5813,a7b5a5ac-d5e6-4fad-a63b-9ed618f08ca3,3,,,2026-08-25T00:04:09.331Z,2026-08-25T00:04:09.331Z
5b5ef6f0-012b-4d56-a872-08b6d3e41419,4da6cedd-44ec-44db-8777-5176755cf781,5,,,2026-08-25T00:04:09.331Z,2026-08-26T00:04:09.331Z
a932983c-1ee2-496e-8937-d36fe42ffd29,027a91ba-58e5-4497-9511-bd02e6679cd7,5,,,2026-08-25T00:04:09.331Z,2026-08-26T00:04:09.331Z
fdd7ce06-0d52-4960-8582-df329c603873,0eb2c677-b9b1-4559-8441-b17cd71d766e,5,,,2026-08-25T00:04:09.331Z,2026-08-25T00:04:09.331Z
e6102126-a6fa-4091-92f6-e8b9505a38b3,36e808e5-7d4f-4c03-9eb0-0d8542f85cd8,4,,,2026-08-25T00:04:09.331Z,2026-08-25T00:04:09.331Z
1b76c1ad-f1aa-4f94-a9b4-31a15078f5cc,17c1a969-0d37-497e-b03c-442155a34f52,4,,,2026-08-25T00:04:09.331Z,2026-08-25T00:04:09.331Z
3b3dcfda-d8c7-455f-844c-c7c88a469916,3c4870e5-f263-4798-90ae-fa0bf760bba5,5,,,2026-08-25T00:04:09.331Z,2026-08-26T00:04:09.331Z
9083f151-3ad6-4326-89d1-58e0cebff9c1,c813bb8d-808d-42a0-92e1-5a515129cee3,4,,,2026-08-25T00:04:09.331Z,2026-08-25T00:04:09.331Z
a6d79064-05db-4457-af36-6830448e053a,63e7cb01-dcb5-4f09-b809-5f3a720029a8,5,,,2026-08-25T00:04:09.331Z,2026-08-26T00:04:09.331Z
f985fa3d-2ce7-48da-bc7d-9eb48167f35d,fe45aa7f-6283-4dbc-a2cf-32e98bf680a5,5,,,2026-08-25T00:04:09.331Z,2026-08-25T00:04:09.331Z
a36a10a0-bf3e-4b68-9f60-a4dcdea9d19a,2dfd26e7-5b38-4ebb-9b2d-9254d47b25b7,5,,,2026-08-25T00:04:09.331Z,2026-08-27T00:04:09.331Z
85cb08b9-153b-4dde-8696-1389ebd748e9,a50a1870-4973-473a-afb8-b6c2b4d20b66,5,,,2026-08-25T00:04:09.331Z,2026-08-27T00:04:09.331Z
212f71d4-c616-49db-897c-2d3957bba942,60ee6b2b-c927-4ff0-b72b-143b3777e828,4,,,2026-08-25T00:04:09.331Z,2026-08-27T00:04:09.331Z
1ff79369-7184-46d8-8cbe-c92b2d4d712e,67df3434-5365-46dc-b98c-00c4f4d3afea,5,,,2026-08-25T00:04:09.331Z,2026-08-26T00:04:09.331Z
a73bc84b-f02a-46c2-9750-9842e2d5608c,0dca70b5-6472-40bd-81cc-e894aee1bf77,4,,,2026-08-25T00:04:09.331Z,2026-08-25T00:04:09.331Z
720e490e-3719-4f8b-8ccb-ab8ade4ec075,f428354f-319e-4d5f-bc84-9d222f23b38f,5,,,2026-08-25T00:04:09.331Z,2026-08-25T00:04:09.331Z
b1d894b7-63fd-4ab8-816c-e3b759f3f1cf,f35ffde3-61f2-4de9-894c-1a7217dd822f,4,,,2026-08-25T00:04:09.331Z,2026-08-26T00:04:09.331Z
f85ce202-7ba1-4b5a-be56-adfa3a052a94,0a73a535-72fc-4e1d-b32a-ff906769c16e,5,,,2026-08-25T00:04:09.331Z,2026-08-27T00:04:09.331Z
b4c057ec-09e2-4ad7-b2cb-2d109dab5d00,baa6ad2b-cd0f-48f5-8516-cdc9f83a5e74,5,,,2026-08-25T00:04:09.331Z,2026-08-26T00:04:09.331Z
89aa0524-bf0e-45b7-8b71-115dd699e22c,3abb1369-3246-4f95-9a4b-f339081a4cab,3,,,2026-08-25T00:04:09.331Z,2026-08-27T00:04:09.331Z
b8140adb-a2db-4e87-b818-b29e9c3470bd,0d1c7f09-779c-480b-9954-c6a68fe134a5,4,,,2026-08-25T00:04:09.331Z,2026-08-27T00:04:09.331Z
f84ca842-decd-4f70-9bdf-4e830ddb968c,f72c1fbb-e9b3-4df2-b5e0-daba8ee526c7,2,,,2026-08-25T00:04:09.331Z,2026-08-26T00:04:09.331Z
4e416c69-3eeb-498a-a77a-7a8bdd111b04,67493c08-1bd9-4c7d-89e2-18cd468060d6,4,,,2026-08-25T00:04:09.331Z,2026-08-25T00:04:09.331Z
40978dc7-7282-440d-9b77-2d65decd0dcd,1f3fc675-1de1-475e-a9a7-d22db5c3103b,5,,,2026-08-25T00:04:09.331Z,2026-08-27T00:04:09.331Z
08fe8a86-9669-4de5-b4d7-94bf88e157d7,6b891e7e-f68d-4038-a60a-1097fba71852,5,,,2026-08-25T00:04:09.331Z,2026-08-26T00:04:09.331Z
29aa7501-9595-4e24-bfd6-ff616db405ee,3905704a-1597-407f-82ba-318a78750128,5,,,2026-08-25T00:04:09.331Z,2026-08-25T00:04:09.331Z
351f0a7e-918e-41c8-a69e-d4adc88134b0,18e30948-f10a-4160-9b15-242dec671213,4,,,2026-08-25T00:04:09.331Z,2026-08-27T00:04:09.331Z
d941077d-d5cc-4482-b8c0-27fe18dd190c,44d64e74-276b-4a98-b732-177feafdc3ae,5,,,2026-08-25T00:04:09.331Z,2026-08-26T00:04:09.331Z
1fab0ed2-05fc-4eb0-a6a5-2248bdd20d97,fce98a33-0224-468c-b0ab-18fd7cafe145,5,,,2026-08-25T00:04:09.331Z,2026-08-27T00:04:09.331Z
52295115-1046-49ea-be8e-c4b848535647,e3b7c5c4-1d32-4b61-a195-04639c3df965,4,,,2026-08-25T00:04:09.331Z,2026-08-27T00:04:09.331Z
708fced9-63cb-41c4-b81a-bb892b71a0c1,e42f362b-ffbb-408c-b466-ce2477e4b081,4,,,2026-08-25T00:04:09.331Z,2026-08-27T00:04:09.331Z
edffe416-a412-4e73-8ed6-bcac539e85b0,57fddd82-b1e3-4208-a725-055a240cc02e,4,,,2026-08-25T00:04:09.331Z,2026-08-26T00:04:09.331Z
336b437a-d72e-4f2a-8ab9-109d4382b623,c2d5d3bd-286f-43ee-ae8f-48c13140608d,4,,,2026-08-25T00:04:09.331Z,2026-08-26T00:04:09.331Z
3b4b6262-8c95-4c0e-ae23-95aa4779c24f,dc873078-1217-4774-a491-0d6a1f7cbd5c,4,,,2026-08-25T00:04:09.331Z,2026-08-27T00:04:09.331Z
26ba1e5c-2328-431b-b471-429081c0e7f4,4930dde8-e631-45ed-9d1b-1d1237c083c1,5,,,2026-08-25T00:04:09.331Z,2026-08-25T00:04:09.331Z
a39f53cc-7181-4a2e-9625-191f75cdb691,a8a174fe-1647-4cbd-8a4b-9a1c64d2eef8,4,,,2026-08-25T00:04:09.331Z,2026-08-27T00:04:09.331Z
7fca6237-4c51-484b-907d-b11bc863332a,3ac57c4c-e91b-4eca-b998-a6611b7cf7ca,5,,,2026-08-25T00:04:09.331Z,2026-08-25T00:04:09.331Z
1fefdcdd-ae74-4c63-b57e-93fded6b2648,5a2e23cf-ec11-4160-b386-c46984254176,4,,,2026-08-25T00:04:09.331Z,2026-08-27T00:04:09.331Z
7cc4bbf7-e1a6-4db0-96a8-ead44e78efae,a2b8b1fc-6676-40bb-bfee-764980fafbe1,3,,,2026-08-25T00:04:09.331Z,2026-08-25T00:04:09.331Z
66ca13ad-f67a-4f86-be17-a042039b8922,579f7302-908c-4438-a10e-668bbcc360f1,5,,,2026-08-25T00:04:09.331Z,2026-08-27T00:04:09.331Z
1c6751b2-b98d-45b8-8ac3-7ab9192265cc,c2f53e71-d395-4776-800b-5d1a5dd2a636,5,,,2026-08-25T00:04:09.331Z,2026-08-27T00:04:09.331Z
fdbe63da-2dd0-458e-ac5d-ae8441fb81ef,4f905307-a026-43c6-a570-15c42d52be46,5,,,2026-08-25T00:04:09.331Z,2026-08-26T00:04:09.331Z
3727957a-7e8f-4905-9bdd-b574d2db3422,cc0b829a-eeb6-4851-9454-5e55974cd05d,4,,,2026-08-25T00:04:09.331Z,2026-08-27T00:04:09.331Z
b1c73012-dde1-41fb-aab9-3ef7ad42901f,9cc816cb-94db-47e8-983c-cdf42a792312,5,,,2026-08-25T00:04:09.331Z,2026-08-26T00:04:09.331Z
b82ca475-79b4-406e-b2d5-10dc7152deca,ce866516-6050-46e4-89c6-a9116c23d96b,2,,,2026-08-25T00:04:09.331Z,2026-08-26T00:04:09.331Z
a84e80ce-410a-4afc-8ca6-83287c79b5f1,1c5d23fb-d1d4-475d-9f60-05416152e2ed,4,,,2026-08-25T00:04:09.331Z,2026-08-27T00:04:09.331Z
b8305c5c-ab05-4dcb-90d2-bf095604e1b4,9df3718a-a4d8-4ede-9efd-1a7a2fbf83d2,5,,,2026-08-25T00:04:09.331Z,2026-08-27T00:04:09.331Z
c2291f12-6986-4995-a690-da2842dccaa9,527dfc5c-8bea-42ab-8bff-8a51283b1fdf,4,,,2026-08-25T00:04:09.331Z,2026-08-26T00:04:09.331Z
4459221d-c192-4608-a0af-841eb84b4400,750c91e6-2e5c-4599-8191-541caa37a905,5,,,2026-08-25T00:04:09.331Z,2026-08-26T00:04:09.331Z
2b519869-e242-4086-8dd2-b0377ec25de8,35e59538-ec0a-441c-bb05-52de6d64a3ef,4,,,2026-08-25T00:04:09.331Z,2026-08-26T00:04:09.331Z
c356c9ec-a1df-4a3e-a4d4-280ace3de617,acea10d1-c9d9-41af-a7ff-195104ed7cae,5,,,2026-08-25T00:04:09.331Z,2026-08-26T00:04:09.331Z
e25e1366-842e-4e36-8179-d965d6c2c42b,74014ba6-a761-4758-879e-dd7bccf46f1f,2,,,2026-08-25T00:04:09.331Z,2026-08-26T00:04:09.331Z
5076806a-9b96-4458-a22a-4476665abe7a,2b7be5cd-1aee-4b07-9485-28b254b0bdde,4,,,2026-08-25T00:04:09.331Z,2026-08-26T00:04:09.331Z
fb73c08e-d0d0-4a35-97a6-944cdd187aa1,ef96a0bd-f720-40ff-ae28-fbbdc69bbed4,5,,,2026-08-25T00:04:09.331Z,2026-08-26T00:04:09.331Z
9ce4f36f-031c-43ee-8bd8-741651d32a13,b7eca7d6-a694-4022-a026-646c2d8533d3,4,,,2026-08-25T00:04:09.331Z,2026-08-25T00:04:09.331Z
ef41cb22-ca6c-48ed-bbcf-c4baff0893a9,4801871e-e47a-48dd-961d-3ee267709044,5,,,2026-08-25T00:04:09.331Z,2026-08-25T00:04:09.331Z
0860db4a-c294-4987-a746-fa3337d9c375,d8fea2bd-d082-4238-9d01-481bd1080fac,5,,,2026-08-25T00:04:09.331Z,2026-08-27T00:04:09.331Z
0e5f2fd5-a94f-469a-8340-089f4fa18fbd,3bbd4143-486a-46d4-8275-b348e2abeba0,5,,,2026-08-25T00:04:09.331Z,2026-08-25T00:04:09.331Z
3b9fa9bb-d9c3-411e-aa8c-724f9378031d,cb9f2bbc-e70a-41dd-8376-9ed12c3152b7,5,,,2026-08-25T00:04:09.331Z,2026-08-25T00:04:09.331Z
3446a9cc-a201-4028-9fbb-06fcd5b273ea,9a820814-685a-4aec-82df-130a57c4cdf9,5,,,2026-08-25T00:04:09.331Z,2026-08-25T00:04:09.331Z
ac0a3cbf-ba9d-43a6-8add-eef138bf9184,ad185a49-bf2f-46fa-9c50-9e1a4b84419a,5,,,2026-08-25T00:04:09.331Z,2026-08-26T00:04:09.331Z
0e324fb0-27ef-4c8d-a233-f9cce3af4cf2,a33d4b29-5e1e-44c6-985e-5aa1e602b963,5,,,2026-08-25T00:04:09.331Z,2026-08-26T00:04:09.331Z
860fdad5-2712-459a-ae0a-31a85ee056f6,2aca1de5-ca7a-44fe-ac42-838d34c9f0c4,5,,,2026-08-25T00:04:09.331Z,2026-08-26T00:04:09.331Z
bda60e59-930f-4aee-b744-92ba25a81384,f11c5147-13e4-4291-97da-1dc9739ce5a8,4,,,2026-08-25T00:04:09.331Z,2026-08-27T00:04:09.331Z
59cff618-cbd8-4b1a-a35c-67a0a0c82249,2ed60557-29bf-43b2-9806-d99a3b70b35c,5,,,2026-08-25T00:04:09.331Z,2026-08-27T00:04:09.331Z
0822f6da-6806-4b2c-ba67-1d72a084d40d,956d917f-86e8-4d60-b108-175bd5400eac,3,,,2026-08-25T00:04:09.331Z,2026-08-26T00:04:09.331Z
992b2075-a4cd-4ed0-9d08-a6bfbf153cb6,c70fbca6-8f8f-4dbc-a582-592e5bcadbad,5,,,2026-08-25T00:04:09.331Z,2026-08-25T00:04:09.331Z
f4ba9157-6ac6-4e08-87f9-7ce5a7daf5f6,5f5a9c03-c34e-43ee-ac57-8262895ff927,5,,,2026-08-25T00:04:09.331Z,2026-08-27T00:04:09.331Z
368d8c52-c722-4225-bd6d-1360b474db55,4f47235a-718f-413d-9487-c07ba8bd308c,4,,,2026-08-25T00:04:09.331Z,2026-08-25T00:04:09.331Z
3d3fa299-41da-47a6-be04-766ec955464c,6b79249a-3610-4a4e-8f19-0811a80b9eb3,4,,,2026-08-25T00:04:09.331Z,2026-08-26T00:04:09.331Z
a2d4664a-df35-4996-963f-ffe9875f3bed,440c3a74-3af3-449b-a85e-b7319fff8a67,5,,,2026-08-25T00:04:09.331Z,2026-08-25T00:04:09.331Z
4ee06671-ec81-415e-819d-c3e6199c8fff,abe61475-a75e-49d5-ab97-013537ad2a3c,5,,,2026-08-25T00:04:09.331Z,2026-08-26T00:04:09.331Z
d00f4ea2-68fd-40fb-9daf-2096f32eb474,ba0c9618-9847-4696-9ffd-91868da8bbc1,5,,,2026-08-25T00:04:09.331Z,2026-08-25T00:04:09.331Z
a9a5bde7-a0f2-4542-bf56-64f1cda8afb0,aabe93f8-5f0f-42ca-b8e9-4f8e22e4cfde,5,,,2026-08-25T00:04:09.331Z,2026-08-27T00:04:09.331Z
df9197c4-db22-4215-a496-bb7670339dd0,36222993-12bd-486a-bc56-f94f423292e7,5,,,2026-08-25T00:04:09.331Z,2026-08-25T00:04:09.331Z
