order_id,customer_id,order_status,order_purchase_timestamp,order_approved_at,order_delivered_carrier_date,order_delivered_customer_date,order_estimated_delivery_date
ba5519ad-e8f9-41ac-be7d-875a2127f644,f55bb246eecd1cab4ca24d89b196488b,delivered,2026-08-30 14:54:22,2026-08-31 05:38:23.348454,2026-08-31 14:54:22,2026-09-09 14:54:22,2026-09-22 14:54:22
8b5297cd-d2b5-4fd1-859f-0512e2d2b042,85d7ff05a9a3db8795766481dbb38ed1,delivered,2026-08-30 16:55:44,2026-08-31 13:22:10.187948,2026-09-02 16:55:44,2026-09-07 16:55:44,2026-09-16 16:55:44
65484585-4d4f-4d0c-bd45-9d21f97a3431,40e16d92bed51ffa013c3a7d1bb1e328,delivered,2026-08-30 13:55:23,2026-08-31 03:15:49.031655,2026-09-02 13:55:23,2026-09-13 13:55:23,2026-09-20 13:55:23
c909e475-fa08-416d-8833-f74118d79bdb,e79f3050c5e88a95a083b36f0ddb3f49,delivered,2026-08-30 04:09:13,2026-08-30 18:46:42.582983,2026-09-01 04:09:13,2026-09-10 04:09:13,2026-09-09 04:09:13
3edb62f0-8652-40ab-ae82-7c2811a56eb5,720f6f7d2b4d286d12fda1ea47781302,delivered,2026-08-30 14:12:20,2026-08-31 04:22:50.95658,2026-08-31 14:12:20,2026-09-08 14:12:20,2026-09-16 14:12:20
7bf3250e-a571-4728-9388-f7fa8c0e45e6,380e3164088d255fb4e116a4a01743cd,delivered,2026-08-30 12:15:38,2026-08-31 00:58:51.674331,2026-09-02 12:15:38,2026-09-11 12:15:38,2026-09-22 12:15:38
b586f2f9-df61-4491-b2fd-9a2e7b61926e,5c7f8d14a0a12198d1d07167d7d343b3,delivered,2026-08-30 07:38:41,2026-08-30 13:23:45.876286,2026-09-02 07:38:41,2026-09-06 07:38:41,2026-09-12 07:38:41
38a9701c-2fa5-4947-8c03-1308d403f377,83584c4329669450ef4331e7482e13cf,delivered,2026-08-30 05:17:56,2026-08-30 15:13:21.434266,2026-08-31 05:17:56,2026-09-06 05:17:56,2026-09-13 05:17:56
9c55d223-e7e9-4eb4-9caa-a2f1dbcba10c,1e8e1c62473f56df55197028a8b67324,delivered,2026-08-30 05:07:43,2026-08-30 23:02:26.366684,2026-09-01 05:07:43,2026-09-09 05:07:43,2026-09-14 05:07:43
93024d82-264f-4304-857e-6595a6386ab7,223345b23d267598be393e1b629c098a,delivered,2026-08-30 09:53:53,2026-08-30 10:16:35.974848,2026-09-01 09:53:53,2026-09-08 09:53:53,2026-09-11 09:53:53
dfd2c001-c367-45e3-817b-e6d24193c8a4,b39defc25f6136cf6c7ebac94e4ba2b8,delivered,2026-08-30 22:38:14,2026-08-31 19:36:47.097522,2026-08-31 22:38:14,2026-09-11 22:38:14,2026-09-14 22:38:14
1bbbd7ff-4b7a-4ba8-b91b-233eaa288f8c,f9835897d532524a6e9686847d4db4a7,delivered,2026-08-30 17:51:17,2026-08-31 12:02:01.768566,2026-09-01 17:51:17,2026-09-09 17:51:17,2026-09-08 17:51:17
54376760-f990-4bdf-bbeb-db6af9e3cd7a,ad8653edd19b5fce6af3a75366bcb7b2,delivered,2026-08-30 18:42:30,2026-08-31 04:34:35.137482,2026-09-01 18:42:30,2026-09-09 18:42:30,2026-09-08 18:42:30
278ff1e9-f941-4d2c-927d-0ca255af1f25,9cc241dd34d97a4c8a2d0b63b3ec8105,delivered,2026-08-30 20:03:07,2026-08-31 12:33:46.607926,2026-09-02 20:03:07,2026-09-12 20:03:07,2026-09-06 20:03:07
8936bf46-e191-4fb2-8435-5252ef6c79c6,3186724acb14eb58267a37290a0a962f,delivered,2026-08-30 08:37:28,2026-08-30 18:54:16.010214,2026-08-31 08:37:28,2026-09-05 08:37:28,2026-09-13 08:37:28
1132885b-0728-422f-a691-8ac06221f032,eb0e488592359ee385d18b209e4911b6,delivered,2026-08-30 09:23:03,2026-08-30 14:52:10.960736,2026-08-31 09:23:03,2026-09-05 09:23:03,2026-09-14 09:23:03
9d45cd31-87bf-4f9d-be46-9384e694f8ff,859a7b535e698c33782421bd099629b6,delivered,2026-08-30 09:29:23,2026-08-30 14:47:21.675818,2026-08-31 09:29:23,2026-09-03 09:29:23,2026-09-17 09:29:23
1aac930a-c84b-4f02-b2d7-b63a9081b8f5,68d7530b749aa96df05833de2d337e6b,delivered,2026-08-30 20:50:59,2026-08-31 18:54:50.23494,2026-09-01 20:50:59,2026-09-03 20:50:59,2026-09-14 20:50:59
7710bd35-9468-447c-b852-e88df6ae5a8b,f920395e4693d8730802e67e57e3d3b6,delivered,2026-08-30 12:40:00,2026-08-31 10:56:49.832827,2026-09-01 12:40:00,2026-09-03 12:40:00,2026-09-15 12:40:00
982eb9c8-856b-45be-9645-ac3fb5768c0c,3ca973130cd813782697a76c95a6c480,delivered,2026-08-30 18:15:21,2026-08-30 21:28:18.596398,2026-08-31 18:15:21,2026-09-06 18:15:21,2026-09-06 18:15:21
912a05a2-990f-454e-94e7-e8011dba03c4,c2f181778a12039532d79460d4ba59e2,delivered,2026-08-30 21:46:00,2026-08-31 13:31:49.407513,2026-09-01 21:46:00,2026-09-09 21:46:00,2026-09-16 21:46:00
618314c1-33f2-4ec9-b120-f1361670ee52,83ebc0404ed775bfa7b6a635edb0c08c,delivered,2026-08-30 04:05:39,2026-08-31 02:49:14.54159,2026-09-01 04:05:39,2026-09-03 04:05:39,2026-09-17 04:05:39
12f8ad2b-024a-4817-957c-85f2a162ced1,bc13567372ad405e1fa1c93da7eb9079,delivered,2026-08-30 23:05:54,2026-08-30 23:56:09.478678,2026-09-02 23:05:54,2026-09-08 23:05:54,2026-09-23 23:05:54
b3247bf4-4f47-4c1a-9c7e-03260e2c686f,02a9194295f0ec290cebf3a0e66c98a4,delivered,2026-08-30 06:08:36,2026-08-31 05:40:34.547578,2026-09-01 06:08:36,2026-09-11 06:08:36,2026-09-17 06:08:36
65e76cb7-6169-487c-b1a9-6c83ff7223ac,28d908a1782ec9fd7f094debcbbeecf8,delivered,2026-08-30 08:32:39,2026-08-30 17:30:29.681986,2026-09-02 08:32:39,2026-09-08 08:32:39,2026-09-10 08:32:39
6a32f08e-8522-403d-8337-e87534737e7d,a2d6f67ddab4bf3f030cf1efcf214c7a,delivered,2026-08-30 21:30:25,2026-08-31 01:53:09.518061,2026-08-31 21:30:25,2026-09-11 21:30:25,2026-09-18 21:30:25
46de40dd-0d0f-4a7b-89e6-5255418ebcb2,154f47535f234011acf5637217d4614c,delivered,2026-08-30 05:27:20,2026-08-30 16:58:51.222065,2026-08-31 05:27:20,2026-09-05 05:27:20,2026-09-19 05:27:20
4dd94096-173c-4dba-b136-8e183bbab40b,8bdc3c09b99bbee0dc03992bc03ac828,delivered,2026-08-30 10:19:20,2026-08-30 19:52:18.013106,2026-09-01 10:19:20,2026-09-07 10:19:20,2026-09-23 10:19:20
d89ce2b4-6936-4fc6-8b0a-afea59e21341,d1c2ecfce662c720c6fdd9d1ba419deb,delivered,2026-08-30 08:48:11,2026-08-31 01:42:58.615965,2026-09-01 08:48:11,2026-09-11 08:48:11,2026-09-09 08:48:11
c52d1742-9336-4d15-95d4-7d281fe96ec8,e0cb06a5fc2c774c1e32318765851dd2,delivered,2026-08-30 23:33:25,2026-08-31 16:41:50.200964,2026-09-01 23:33:25,2026-09-06 23:33:25,2026-09-23 23:33:25
6cfa31ad-f74d-4ee6-9ac4-486eecad9288,fcc709844375ea0a1a14bc3c14b2c1ee,delivered,2026-08-30 11:51:22,2026-08-31 08:47:45.537386,2026-09-02 11:51:22,2026-09-06 11:51:22,2026-09-10 11:51:22
4b30ef23-0832-4baf-bb01-62b661f538cf,b9f6e6bf653a8bcdae17201cca6f08d9,delivered,2026-08-30 11:25:07,2026-08-31 02:31:19.853112,2026-09-02 11:25:07,2026-09-09 11:25:07,2026-09-21 11:25:07
5977e922-a369-4ce2-ba43-d685b4826bfb,3e7b6a143331d0a923dbe940e123797d,delivered,2026-08-30 18:39:31,2026-08-31 17:16:00.946902,2026-09-02 18:39:31,2026-09-13 18:39:31,2026-09-11 18:39:31
fa62acc7-b717-4c19-bca6-23e2fcb7408a,531fa8af6b64d371b38b44930ae774c2,delivered,2026-08-30 15:48:33,2026-08-31 09:20:48.221258,2026-09-01 15:48:33,2026-09-03 15:48:33,2026-09-13 15:48:33
4249aea5-1c9f-4176-be42-0c4b485ddcb0,49670b995497cbfd82777f623ec7f825,delivered,2026-08-30 06:47:13,2026-08-30 11:44:09.374872,2026-09-01 06:47:13,2026-09-08 06:47:13,2026-09-07 06:47:13
7fa11c24-ab64-4258-8731-be60b8352bc7,d42db8cdbda56f4cef9e43da03e57c06,delivered,2026-08-30 01:32:22,2026-08-30 13:10:24.021262,2026-08-31 01:32:22,2026-09-08 01:32:22,2026-09-09 01:32:22
96ea94e9-e3ea-446a-a470-9339d5e10d44,09019e777b997c943ed2c3b3b9fb2707,delivered,2026-08-30 04:37:16,2026-08-31 04:22:40.049659,2026-09-01 04:37:16,2026-09-07 04:37:16,2026-09-16 04:37:16
f8a5aa3a-5780-4a5d-94a6-31e660c713ec,a90390cdb48b4c1ddfd36ecc316b6f55,delivered,2026-08-30 08:15:11,2026-08-30 09:01:22.447595,2026-08-31 08:15:11,2026-09-08 08:15:11,2026-09-26 08:15:11
a619961b-3824-4aaa-9d42-dc4b230c5b6e,9035b9048ae02fc3b54e4f46e0cb9628,delivered,2026-08-30 12:23:02,2026-08-30 14:52:03.175387,2026-08-31 12:23:02,2026-09-11 12:23:02,2026-09-22 12:23:02
50b18be4-12f3-4fc8-86c2-0f19aa853b21,b1dc05bae2f03544e45370080331bf07,delivered,2026-08-30 06:17:19,2026-08-31 05:34:43.17376,2026-09-01 06:17:19,2026-09-12 06:17:19,2026-09-18 06:17:19
a0825032-baac-4b2d-9b55-2712fe3633a9,dd340f55b79392c58be2ee54c2004c26,delivered,2026-08-30 17:23:11,2026-08-31 00:48:14.11329,2026-09-02 17:23:11,2026-09-07 17:23:11,2026-09-19 17:23:11
d653e0eb-94ff-4fb3-8e4f-9a9a68b36c97,d7beb95c2f002bd33338f92d720e2f64,delivered,2026-08-30 21:08:24,2026-08-31 05:56:39.597209,2026-09-02 21:08:24,2026-09-07 21:08:24,2026-09-20 21:08:24
92c2b89c-7416-472c-a56a-052aea24d3fa,bc663c6676b42a3a44599580484fde89,delivered,2026-08-30 13:09:27,2026-08-31 02:39:01.913501,2026-09-01 13:09:27,2026-09-06 13:09:27,2026-09-16 13:09:27
00617749-c1c4-49e4-ad3c-1d174eab3220,239d5f9ed5d987b8c323ac8e81641051,delivered,2026-08-30 11:53:30,2026-08-31 02:07:25.778655,2026-09-01 11:53:30,2026-09-04 11:53:30,2026-09-25 11:53:30
5bed6762-fca1-4a88-bb54-9f5c4c7253a8,851fa3e0bf415f6945462c8359258618,delivered,2026-08-30 00:52:27,2026-08-30 19:11:03.906463,2026-09-01 00:52:27,2026-09-12 00:52:27,2026-09-26 00:52:27
c35e02e1-8ef6-434d-9b3a-4e741a373f46,15612247137c536251539392ed4e16c4,delivered,2026-08-30 07:56:18,2026-08-31 02:03:24.356634,2026-09-02 07:56:18,2026-09-05 07:56:18,2026-09-13 07:56:18
fb1a0504-50e8-4201-9928-dcf84dce9092,a779b6c2195363f9d7da1e5b3934cb3c,delivered,2026-08-30 17:15:16,2026-08-31 04:33:00.542477,2026-09-01 17:15:16,2026-09-03 17:15:16,2026-09-07 17:15:16
725d5bb4-f8b7-4b8f-aef9-c54aa55ddc44,0153b54842840a90cf35a8cd645c6732,delivered,2026-08-30 03:17:35,2026-08-30 09:11:26.53812,2026-09-01 03:17:35,2026-09-09 03:17:35,2026-09-17 03:17:35
1c0577dc-a3df-442b-bb70-046dbf7100cb,5872806a5616a6f8c60d50f4f692f7f6,delivered,2026-08-30 02:19:26,2026-08-31 00:32:17.577807,2026-09-02 02:19:26,2026-09-11 02:19:26,2026-09-16 02:19:26
d7f096b4-5df9-4c9a-a7f5-e7a36ec09545,1840ec1e113cdef52138fba79e65848f,delivered,2026-08-30 01:40:01,2026-08-30 19:44:13.861204,2026-09-01 01:40:01,2026-09-05 01:40:01,2026-09-18 01:40:01
a1539502-66a2-47d1-a9fb-0333d360eb04,41de90cec1dce38ebecc5879294e4041,delivered,2026-08-30 16:08:40,2026-08-31 04:00:12.349052,2026-08-31 16:08:40,2026-09-11 16:08:40,2026-09-12 16:08:40
a63a0936-6606-40c3-975e-34ca3c72038c,851fe64644348018b08d59e8d0002abb,delivered,2026-08-30 14:23:16,2026-08-31 06:19:55.763783,2026-08-31 14:23:16,2026-09-09 14:23:16,2026-09-23 14:23:16
4d717f66-917e-4290-8c74-074747c956fc,ba6a79846e82d93b8e30f35a1f89ae36,delivered,2026-08-30 09:35:53,2026-08-30 21:35:45.114307,2026-09-02 09:35:53,2026-09-08 09:35:53,2026-09-15 09:35:53
86dfc804-08a5-4166-b365-3d3a248cbfe6,99ebcd13bb5b88f4acd805f7890567ad,delivered,2026-08-30 15:43:17,2026-08-30 21:58:33.060043,2026-09-02 15:43:17,2026-09-12 15:43:17,2026-09-12 15:43:17
247adf7b-cd2a-40d2-9ce7-e2c5523b3809,c05f7dfb379e0886e4c33bfa7904d93d,delivered,2026-08-30 13:57:57,2026-08-30 22:53:10.082773,2026-09-01 13:57:57,2026-09-08 13:57:57,2026-09-19 13:57:57
dc2814b0-d116-49fb-ab44-d61fdb7a0e1b,0c9be1ec8a88da24743626fd0384ff46,delivered,2026-08-30 06:46:02,2026-08-31 02:25:11.374974,2026-09-01 06:46:02,2026-09-04 06:46:02,2026-09-12 06:46:02
f956c355-d243-499e-be3f-554ebfb4e2f8,e00b3aff69a0f5b74a1261a041733b5f,delivered,2026-08-30 06:53:44,2026-08-31 04:50:03.994862,2026-09-02 06:53:44,2026-09-13 06:53:44,2026-09-17 06:53:44
f50d79a0-ba7a-48c5-a841-f8ff1fdf967a,fa3e66a76d31a28e713552fbda8af62b,delivered,2026-08-30 02:59:50,2026-08-30 14:16:15.728309,2026-09-01 02:59:50,2026-09-08 02:59:50,2026-09-19 02:59:50
50ed72d4-c4ad-4285-83dc-0781d3f02ff8,42f665acb231b6747c46d690abda2685,delivered,2026-08-30 20:37:30,2026-08-30 22:23:03.729093,2026-09-02 20:37:30,2026-09-12 20:37:30,2026-09-24 20:37:30
55cb0a65-3dee-4b4a-a447-82f7bc8d6fc1,ba94c4a2ea6b73745411d64f48180b6c,delivered,2026-08-30 13:37:43,2026-08-31 09:42:56.533697,2026-09-01 13:37:43,2026-09-12 13:37:43,2026-09-14 13:37:43
36e66dfd-d486-4d64-93a5-bd54623a4f5a,8aa0d22a3225923f4386d2dcf4717658,delivered,2026-08-30 05:52:27,2026-08-30 20:01:57.970402,2026-09-01 05:52:27,2026-09-10 05:52:27,2026-09-11 05:52:27
4bdc2c97-b597-4de1-89b0-b1fac317960f,4ec9fdf2038cbe32c118593bb6ad7d16,delivered,2026-08-30 13:44:43,2026-08-30 18:42:40.29187,2026-08-31 13:44:43,2026-09-03 13:44:43,2026-09-20 13:44:43
e759b9e2-9d3c-43a8-a6aa-d3cc2d72e5b4,12e501af448478b1e785e738b6232f5c,delivered,2026-08-30 21:44:06,2026-08-31 00:15:15.49851,2026-09-02 21:44:06,2026-09-08 21:44:06,2026-09-10 21:44:06
6dcf8f96-4afa-4aca-ba13-6a7f7129cbcc,8b0bffcded3c6fc1514ab88b85d78d37,delivered,2026-08-30 10:06:13,2026-08-31 07:34:41.828289,2026-09-02 10:06:13,2026-09-05 10:06:13,2026-09-13 10:06:13
b503442d-2b1b-4a61-a419-e3826d0a5ea1,0bb74a467a1245f6b6b53a78b72e35a3,delivered,2026-08-30 10:45:54,2026-08-31 01:01:39.961035,2026-09-01 10:45:54,2026-09-05 10:45:54,2026-09-23 10:45:54
62436c94-5b09-42fb-8b2f-4c23cebeb457,ceadec4bf904e52ef6294e93d45b8b37,delivered,2026-08-30 19:26:02,2026-08-31 16:58:00.660372,2026-09-02 19:26:02,2026-09-05 19:26:02,2026-09-10 19:26:02
c5bedce8-0ae8-4dcb-9b19-a69c3ec48820,93d5e378ae2f72a07db704f1f6716a7e,delivered,2026-08-30 20:58:33,2026-08-31 08:38:59.598375,2026-08-31 20:58:33,2026-09-03 20:58:33,2026-09-18 20:58:33
2561c40c-4077-4111-a996-5b8a8127d524,76ebf70a559266867675fc7b0e74072d,delivered,2026-08-30 19:19:30,2026-08-31 05:02:55.50956,2026-09-01 19:19:30,2026-09-04 19:19:30,2026-09-22 19:19:30
a641278d-af24-4589-9f93-af3992bc64c0,9fe715c3b27abd3049313efce3e0683d,delivered,2026-08-30 07:41:40,2026-08-31 06:35:42.457859,2026-08-31 07:41:40,2026-09-10 07:41:40,2026-09-17 07:41:40
fa973a73-02b4-46df-9a8a-fba917e8c130,cae0395b5740ffe6461b6950da7d0c6d,delivered,2026-08-30 12:50:23,2026-08-30 18:06:32.360199,2026-08-31 12:50:23,2026-09-11 12:50:23,2026-09-06 12:50:23
e0404684-1397-45f9-acda-22259b705d55,e05225ee3c98c05a036dc06a294f5ba6,delivered,2026-08-30 10:15:52,2026-08-31 01:12:13.103799,2026-09-01 10:15:52,2026-09-04 10:15:52,2026-09-17 10:15:52
d7aa1dba-1eb0-46a4-9620-adecb4d82509,a7e2477559074ae9de9939c720f318df,delivered,2026-08-30 08:20:07,2026-08-31 01:03:50.511827,2026-09-02 08:20:07,2026-09-07 08:20:07,2026-09-11 08:20:07
a4e7d006-ebea-4d51-a2bf-00982aeb923b,8dced7470b5bc14d4f839b73980acf30,delivered,2026-08-30 10:19:17,2026-08-31 10:09:56.727699,2026-09-01 10:19:17,2026-09-03 10:19:17,2026-09-15 10:19:17
1687c04f-2b87-4b90-910e-a8e55dfd04b0,e8e49c9aa07ee125c68e2f6596840bd4,delivered,2026-08-30 06:45:45,2026-08-31 02:10:05.302455,2026-09-01 06:45:45,2026-09-06 06:45:45,2026-09-20 06:45:45
f6627d81-d25a-48db-94a2-ac828553dd2f,67260c60edf9d4c22831ad47718a0e5e,delivered,2026-08-30 11:48:19,2026-08-31 08:26:27.402357,2026-08-31 11:48:19,2026-09-04 11:48:19,2026-09-19 11:48:19
59c9a052-c2ea-48a3-bed2-d9a3a48fe4ad,8cf70936d9b6b4ade36d4f4349a301c9,delivered,2026-08-30 14:17:42,2026-08-30 21:51:40.942869,2026-09-01 14:17:42,2026-09-10 14:17:42,2026-09-25 14:17:42
4aa8f395-fab3-48ce-a470-c16fcb587e31,b371ea5550dc0fecc65d67ae999c7131,delivered,2026-08-30 04:48:00,2026-08-30 05:37:50.978425,2026-09-02 04:48:00,2026-09-06 04:48:00,2026-09-11 04:48:00
7700ccd0-b46f-4c92-a55b-75dad643cdcc,ffb6bb7dbfa226abbb5f1c27bb3b7a6f,delivered,2026-08-30 20:49:58,2026-08-30 21:09:41.78379,2026-09-02 20:49:58,2026-09-06 20:49:58,2026-09-09 20:49:58
0df75169-6ec9-411b-8052-39ccbcc178b4,8cbe6c3bbaaae2aa9f5d97827a7968d0,delivered,2026-08-30 04:20:52,2026-08-30 08:28:05.344334,2026-09-01 04:20:52,2026-09-03 04:20:52,2026-09-19 04:20:52
37c85ad5-d4fa-478e-8a1b-a52de4dcb388,66b9bc2d53ea09b027966337424fa0c7,delivered,2026-08-30 04:53:58,2026-08-30 23:09:30.434205,2026-08-31 04:53:58,2026-09-11 04:53:58,2026-09-17 04:53:58
50075505-3346-4363-adb7-b589178063c6,f9587fa6065768be96b7267f865a407c,delivered,2026-08-30 23:25:31,2026-08-31 00:54:39.060442,2026-09-01 23:25:31,2026-09-08 23:25:31,2026-09-22 23:25:31
bb92f206-0b73-420d-a7e6-2f948f6d59ec,a0f20dc8a88e8cf077ec762de647c197,delivered,2026-08-30 18:09:35,2026-08-31 07:21:56.430043,2026-09-02 18:09:35,2026-09-08 18:09:35,2026-09-12 18:09:35
96160816-c120-412d-8f32-d8759309cdba,4496b268cde23cfeb547ec00ae21193d,delivered,2026-08-30 13:17:42,2026-08-30 17:47:16.016388,2026-09-01 13:17:42,2026-09-06 13:17:42,2026-09-15 13:17:42
885b32af-93ed-4e33-b826-a099e731dc70,0492fbcccc19cfdea66d667173ebce63,delivered,2026-08-30 18:27:27,2026-08-31 03:25:28.592207,2026-09-02 18:27:27,2026-09-13 18:27:27,2026-09-13 18:27:27
c5cee183-cfe9-48d9-bcab-de9e4702012f,b3b7a79be761431b60e2945100e694cb,delivered,2026-08-30 05:35:42,2026-08-30 23:25:29.714481,2026-08-31 05:35:42,2026-09-02 05:35:42,2026-09-11 05:35:42
18892495-7517-4b83-9bbe-c1d6ba7df951,4673b5a0664ad72754348acac6d808ce,delivered,2026-08-30 05:41:05,2026-08-30 22:17:07.782558,2026-09-02 05:41:05,2026-09-10 05:41:05,2026-09-23 05:41:05
265a3dfa-0532-42dd-a5a0-29e34e1ffd22,1e6cd369cf26ded4ed75185d5605241a,delivered,2026-08-30 11:38:07,2026-08-30 18:27:30.089057,2026-08-31 11:38:07,2026-09-03 11:38:07,2026-09-12 11:38:07
8b7d6f2b-96ee-4292-94fa-8d100ecf3950,4b4be2256ef77aecee551a7a665a7108,delivered,2026-08-30 06:04:57,2026-08-31 04:46:39.656216,2026-08-31 06:04:57,2026-09-10 06:04:57,2026-09-23 06:04:57
35ea2836-ba40-4156-b56d-eacc434e362e,3a6d58dbca99e1b8ef6177a10d451ac5,delivered,2026-08-30 09:16:28,2026-08-31 00:12:42.307278,2026-09-01 09:16:28,2026-09-11 09:16:28,2026-09-13 09:16:28
48339a86-2b10-4823-bd05-b9e509a6cc8a,e19b49a1c05d6f9016f3cabab37fb45a,delivered,2026-08-30 14:11:25,2026-08-30 15:51:52.413553,2026-09-02 14:11:25,2026-09-11 14:11:25,2026-09-09 14:11:25
0768f600-cd02-49f3-9075-f673a24054f0,2467f4b55c35ab6b015f09d0312570a3,delivered,2026-08-30 15:10:39,2026-08-30 16:24:51.868753,2026-08-31 15:10:39,2026-09-09 15:10:39,2026-09-26 15:10:39
0b84ac4b-b7b3-490a-9e12-ecaff7115052,70e9bf3b922f78fb3b684ddecba9c2e3,delivered,2026-08-30 19:08:10,2026-08-30 23:53:52.826641,2026-08-31 19:08:10,2026-09-09 19:08:10,2026-09-24 19:08:10
54942079-4e82-4558-b593-c7b79af61fa2,e5426fc9fcee3dfa52fb048f6d0856e9,delivered,2026-08-30 20:51:05,2026-08-31 13:36:43.757945,2026-08-31 20:51:05,2026-09-08 20:51:05,2026-09-24 20:51:05
f9453819-31e2-4105-8376-360b25cb0f86,2d9ba0d4814293781e7290b3b7f2861d,delivered,2026-08-30 16:40:56,2026-08-30 19:19:02.213467,2026-08-31 16:40:56,2026-09-08 16:40:56,2026-09-07 16:40:56
dc168969-662b-4275-8650-87b292579408,029e575b0cdb8a5696a502ed2f9391e3,delivered,2026-08-30 19:24:17,2026-08-30 19:42:13.164518,2026-08-31 19:24:17,2026-09-08 19:24:17,2026-09-18 19:24:17
6f7da92a-b3aa-4d87-86ea-685631541b3f,7ce5f6bb9c62f8fdc44709cf4abd08e8,delivered,2026-08-30 19:03:30,2026-08-31 17:28:44.082224,2026-09-01 19:03:30,2026-09-05 19:03:30,2026-09-20 19:03:30
c943defb-a591-4ec5-914d-d775ecb87af9,0a515b177ea670c0fcb7dce752c5d05d,delivered,2026-08-30 10:35:09,2026-08-31 03:43:00.847742,2026-08-31 10:35:09,2026-09-06 10:35:09,2026-09-20 10:35:09
410911f9-e292-4dfd-8aa2-6b4ecd707d45,7429462259e9d39e60127253ab7bdbe7,delivered,2026-08-30 20:33:55,2026-08-31 01:33:53.215683,2026-09-01 20:33:55,2026-09-03 20:33:55,2026-09-09 20:33:55
d7f6c75f-7ed6-4ec8-9ce5-8155881cbc9e,5bfb474e36c30edca9b87dc8d64ede13,delivered,2026-08-30 19:28:52,2026-08-31 09:08:30.169776,2026-09-01 19:28:52,2026-09-12 19:28:52,2026-09-22 19:28:52
2e7fd27f-2ccb-4856-ab43-efbdc0451515,1dfc42d29e4c210de654113ab49e6f4f,delivered,2026-08-30 01:07:21,2026-08-31 00:55:14.522971,2026-08-31 01:07:21,2026-09-11 01:07:21,2026-09-22 01:07:21
a5a21315-39ab-4bf6-a1dc-9149a3dfe009,ac122c0b1edaebef0ccc35ef7338d865,delivered,2026-08-30 19:31:47,2026-08-30 23:07:04.431991,2026-09-01 19:31:47,2026-09-05 19:31:47,2026-09-10 19:31:47
f655a078-c6d9-4810-97f1-0f70223f8fe8,c6ad98f73419be6655a1f88f97e8c5d2,delivered,2026-08-30 01:45:24,2026-08-30 08:46:29.758752,2026-08-31 01:45:24,2026-09-07 01:45:24,2026-09-14 01:45:24
3e8e872d-65bb-4859-8a84-590d14dd76b7,06c3432a700a69e743fa666027996994,delivered,2026-08-30 11:28:30,2026-08-31 04:37:19.74041,2026-09-01 11:28:30,2026-09-08 11:28:30,2026-09-06 11:28:30
9c0e8e68-00fa-4ba1-87fd-fb388218b255,d78f0bb6190a233536ac5258b79d6d80,delivered,2026-08-30 19:57:25,2026-08-31 05:11:40.048811,2026-09-02 19:57:25,2026-09-12 19:57:25,2026-09-07 19:57:25
ca6b4a09-54ff-4337-940b-bb358d3f1346,478e996ead8acef6cd1116876dc60d14,delivered,2026-08-30 11:37:05,2026-08-31 05:54:49.104679,2026-08-31 11:37:05,2026-09-07 11:37:05,2026-09-21 11:37:05
3e4cdd1f-c72e-4a0d-abf1-4939efc11255,891adb1fb4da5da2b8b8c367bf9801d1,delivered,2026-08-30 04:13:14,2026-08-30 07:13:07.098375,2026-08-31 04:13:14,2026-09-09 04:13:14,2026-09-14 04:13:14
263d9877-662b-484a-a5d8-a0bb28b8db0e,e54367d4b00c5cb76d2dfe71b9bdb89c,delivered,2026-08-30 01:48:57,2026-08-31 01:46:17.998655,2026-09-02 01:48:57,2026-09-04 01:48:57,2026-09-20 01:48:57
84ddd171-44f8-4ef3-b96e-6a1e4c8787fe,c4b4aa3d40d7530386c518efad9248ca,delivered,2026-08-30 04:00:39,2026-08-30 07:27:36.587672,2026-09-02 04:00:39,2026-09-08 04:00:39,2026-09-10 04:00:39
11c51c8d-6e9a-4ddf-936b-e33f760c7e97,cca76cf5843954f90141bb998c1d58fc,delivered,2026-08-30 22:41:55,2026-08-30 23:23:45.071502,2026-09-01 22:41:55,2026-09-09 22:41:55,2026-09-11 22:41:55
5589f075-c9ec-47c0-aae7-a865e4f34652,246cf7075108c701caac778132a2a9fc,delivered,2026-08-30 16:21:24,2026-08-31 14:58:46.293169,2026-09-01 16:21:24,2026-09-03 16:21:24,2026-09-06 16:21:24
52b088c7-615a-40f5-b04e-0d47f6b5bdf1,c3627b8c3533bd55a1b19e6fd705bf82,delivered,2026-08-30 20:43:10,2026-08-31 07:31:06.870356,2026-08-31 20:43:10,2026-09-07 20:43:10,2026-09-23 20:43:10
924224f6-4ab9-4e9f-8b43-ad51e9b682d9,868282f01bc484c22dfac16e75b7d5ec,delivered,2026-08-30 06:33:30,2026-08-30 12:43:04.294754,2026-08-31 06:33:30,2026-09-04 06:33:30,2026-09-08 06:33:30
a48d4682-00e8-40b9-b8e2-ae2f9185c0ae,d227a2f7a4da44f504e9b7e8e97784e3,delivered,2026-08-30 18:21:28,2026-08-31 13:00:16.470368,2026-08-31 18:21:28,2026-09-04 18:21:28,2026-09-10 18:21:28
779df1f5-8cea-47b2-b188-e8bb8619de2e,150cc81c97ac79c4d951f57f8fb6b5d8,delivered,2026-08-30 22:32:21,2026-08-31 11:55:27.894681,2026-09-01 22:32:21,2026-09-03 22:32:21,2026-09-20 22:32:21
4608848e-807a-418c-aab2-ebdcaa6c2601,7fff57779c5364c51a1463b7133b38a1,delivered,2026-08-30 16:55:24,2026-08-31 16:35:56.937176,2026-09-01 16:55:24,2026-09-06 16:55:24,2026-09-14 16:55:24
9e178f48-0d88-45cd-a8c4-d68884625ab7,7ceb6bd264a93011d92f29004d2fa854,delivered,2026-08-30 04:36:04,2026-08-31 00:51:20.510921,2026-09-01 04:36:04,2026-09-07 04:36:04,2026-09-25 04:36:04
b25c3ca3-61d2-4e9c-bc38-35d7ca1e8542,97eddfe034d3d76faa6fff135c19c46f,delivered,2026-08-30 15:58:05,2026-08-31 09:10:33.790771,2026-09-02 15:58:05,2026-09-09 15:58:05,2026-09-16 15:58:05
67af30a3-ed00-43c5-a0c4-298c52debf00,1eebb4900528f6f5203228dfa29f90c2,delivered,2026-08-30 17:51:47,2026-08-31 17:39:09.108899,2026-08-31 17:51:47,2026-09-04 17:51:47,2026-09-15 17:51:47
478fdef5-590b-4769-a0b3-dae1e06345eb,2e7a7949ed59755832f8877b154bb202,delivered,2026-08-30 17:12:00,2026-08-31 04:59:36.910597,2026-08-31 17:12:00,2026-09-03 17:12:00,2026-09-14 17:12:00
01c25251-189d-47b9-83f2-d777f9ba2a76,dd8fd4a958c49d92d56c854065d11234,delivered,2026-08-30 11:18:42,2026-08-31 07:39:50.882575,2026-09-01 11:18:42,2026-09-10 11:18:42,2026-09-06 11:18:42
4c58c171-f8a1-41e0-99a8-73c548e94ff9,26e9cd515e13709e836352c5c9c462be,delivered,2026-08-30 01:34:15,2026-08-30 11:56:49.441604,2026-09-01 01:34:15,2026-09-09 01:34:15,2026-09-20 01:34:15
60ea21ef-f1bf-439e-8965-6d6b446adb46,d9591dd084b9ee3bb45ef4b8de970dc1,delivered,2026-08-30 21:07:09,2026-08-31 10:59:33.328502,2026-09-01 21:07:09,2026-09-06 21:07:09,2026-09-24 21:07:09
8bceaaa4-d3ad-4c11-86e3-ffe21682f210,34701efe715e4df96dfd1663574d4377,delivered,2026-08-30 19:32:29,2026-08-31 09:25:08.431606,2026-08-31 19:32:29,2026-09-04 19:32:29,2026-09-11 19:32:29
d17c6485-105d-4c3f-bfd6-0afb111df4d0,cb31d6327bbe3415b3f316ca925e8003,delivered,2026-08-30 10:35:51,2026-08-31 04:31:20.525405,2026-08-31 10:35:51,2026-09-10 10:35:51,2026-09-21 10:35:51
27fca18a-0d85-4614-bc1a-acd057596ec0,250611bb96a6ae1849bd7815cf3b67a0,delivered,2026-08-30 06:44:27,2026-08-30 12:10:12.125661,2026-09-02 06:44:27,2026-09-10 06:44:27,2026-09-22 06:44:27
f697ec89-f1a4-4748-a1a3-ae35c4e07e61,3881d142f5438ea09b6ffb21f0fd1ed6,delivered,2026-08-30 00:39:18,2026-08-30 21:05:51.355625,2026-09-02 00:39:18,2026-09-06 00:39:18,2026-09-06 00:39:18
2f859d53-b26c-4c5d-9b63-7abd69ed7fd2,26f5d944dda9c2754dfbd4e5018169d4,delivered,2026-08-30 03:40:38,2026-08-30 03:58:10.493507,2026-09-02 03:40:38,2026-09-08 03:40:38,2026-09-06 03:40:38
9f0dfda4-b16c-46a1-b125-e166c0496c71,52701c28ce8192ff074de5576a1b9288,delivered,2026-08-30 12:48:27,2026-08-31 01:15:37.329236,2026-08-31 12:48:27,2026-09-08 12:48:27,2026-09-06 12:48:27
dc23fd3a-84f2-4743-b9a1-16b989b24b14,d60977f266fbf35d13d563da7286f472,delivered,2026-08-30 09:33:05,2026-08-30 10:39:38.230178,2026-08-31 09:33:05,2026-09-04 09:33:05,2026-09-09 09:33:05
accdcb2e-25ef-4e13-b3c4-0806f85d1353,ff03e2ac07d6dd7580a7cc349e3b37a6,delivered,2026-08-30 13:20:18,2026-08-30 18:50:16.756759,2026-09-02 13:20:18,2026-09-07 13:20:18,2026-09-10 13:20:18
70f5b1b7-e83c-4d6d-8214-a535d8744192,56d6f579774121aac7b8ba62da225661,delivered,2026-08-30 03:25:00,2026-08-30 15:09:12.58701,2026-09-01 03:25:00,2026-09-11 03:25:00,2026-09-08 03:25:00
88f9e33b-cd12-4590-8a4d-f6d17f3b42e1,3d86c7409e155bf2b6490a0a3384a48c,delivered,2026-08-30 23:25:57,2026-08-31 00:21:44.037895,2026-08-31 23:25:57,2026-09-05 23:25:57,2026-09-18 23:25:57
274c5a45-31f3-4703-b1db-a52a33a7b2a4,fb61c3e862c5b609f053cc4717391c58,delivered,2026-08-30 08:55:11,2026-08-30 12:38:16.838648,2026-09-01 08:55:11,2026-09-12 08:55:11,2026-09-26 08:55:11
7c984243-d945-4558-b8f2-bf1ad5ce3aeb,60c74a8ab6f5911849bcad1ea24e4052,delivered,2026-08-30 11:57:41,2026-08-31 06:32:34.212652,2026-08-31 11:57:41,2026-09-05 11:57:41,2026-09-06 11:57:41
01aaac9a-e49e-47b6-a5c2-1181d8f49579,254f8b79f6adba215152f0b3c57fecd5,delivered,2026-08-30 22:06:13,2026-08-31 04:16:01.313673,2026-08-31 22:06:13,2026-09-03 22:06:13,2026-09-16 22:06:13
582a7463-18e4-4f3c-940d-3120f2bc67fc,118a36bafb2594116f414e108b340da7,delivered,2026-08-30 10:31:13,2026-08-30 20:43:20.37113,2026-09-01 10:31:13,2026-09-05 10:31:13,2026-09-07 10:31:13
d202b08f-c043-4f36-98fd-ccb9d0bac1f7,2138da43cc1aabdb272b97392c0175ae,delivered,2026-08-30 02:01:55,2026-08-30 11:58:32.736502,2026-09-01 02:01:55,2026-09-08 02:01:55,2026-09-07 02:01:55
1ea0918e-8b34-40b7-a2af-5927395b91ef,d2f186ceb055fd3674aa324ef1e43fcc,delivered,2026-08-30 09:33:20,2026-08-30 15:29:53.180999,2026-09-02 09:33:20,2026-09-12 09:33:20,2026-09-22 09:33:20
7776c711-fabb-442f-b986-31e4b29a3a7a,5bcdc05f48d3a5a88df17d3a90854122,delivered,2026-08-30 20:59:56,2026-08-31 07:43:23.644271,2026-09-02 20:59:56,2026-09-07 20:59:56,2026-09-12 20:59:56
6c0f84f8-61c0-426c-bb79-dcad6bc48de6,a1b9378a25ca08a39d8018bb2294f956,delivered,2026-08-30 21:19:01,2026-08-30 22:04:04.091704,2026-09-01 21:19:01,2026-09-06 21:19:01,2026-09-17 21:19:01
d9c8682b-8d19-4f72-8351-b03288edafb3,679606d5183722ee9820f8c94d596788,delivered,2026-08-30 19:39:43,2026-08-31 06:52:52.098203,2026-09-02 19:39:43,2026-09-12 19:39:43,2026-09-12 19:39:43
1e780c5f-8440-4f87-a028-686c7a1db25d,668d9e858c63aa58d80b8edcf3ffd9c5,delivered,2026-08-30 23:50:21,2026-08-31 07:13:31.410859,2026-08-31 23:50:21,2026-09-02 23:50:21,2026-09-21 23:50:21
9f5a20c9-7d1b-4ab0-8781-d1bdfaad8ef7,40ed37f066a0b0cd73872fa1cbda8145,delivered,2026-08-30 08:35:41,2026-08-30 14:36:54.68596,2026-08-31 08:35:41,2026-09-11 08:35:41,2026-09-18 08:35:41
6b3de1c6-45ba-4e5d-8e21-3e9302ca854b,93ecac7e00ad40485dde6e15ef9356a4,delivered,2026-08-30 10:13:06,2026-08-31 00:48:07.005065,2026-08-31 10:13:06,2026-09-08 10:13:06,2026-09-10 10:13:06
0cb498bd-19a7-4a89-92ba-4f1cd651bd76,a0be8bd8b97ca99891f726d57b57bfae,delivered,2026-08-30 15:07:30,2026-08-30 22:22:44.541645,2026-09-01 15:07:30,2026-09-09 15:07:30,2026-09-07 15:07:30
3d57847d-8606-4ddd-859c-6a268011a06b,1b49d294f87dff4d42dbe0a33b640e05,delivered,2026-08-30 00:01:12,2026-08-30 08:18:51.454646,2026-09-01 00:01:12,2026-09-07 00:01:12,2026-09-16 00:01:12
93b8e25b-d57e-47a7-84ba-6cb6d9d5ddaa,4414a05a42bf54509daafcc5e6ecafed,delivered,2026-08-30 10:58:47,2026-08-30 14:22:53.914626,2026-09-02 10:58:47,2026-09-13 10:58:47,2026-09-13 10:58:47
6b73ae63-b1f4-4373-bfed-38a4ced1d831,bb205b0f9f296e7cbb610b231dc401d3,delivered,2026-08-30 23:42:32,2026-08-31 21:50:09.544533,2026-08-31 23:42:32,2026-09-08 23:42:32,2026-09-15 23:42:32
a46a1f60-e928-4ce6-b064-a60c76305a28,a62629887d7ef9dfe2a8a23124af269f,delivered,2026-08-30 06:53:04,2026-08-30 13:23:46.776205,2026-09-02 06:53:04,2026-09-05 06:53:04,2026-09-26 06:53:04
ea29cd95-d315-427a-a546-ab9aa2d02604,e4d02bc33ec40414206c31128b3333d8,delivered,2026-08-30 08:52:18,2026-08-30 23:20:21.919374,2026-08-31 08:52:18,2026-09-02 08:52:18,2026-09-08 08:52:18
1e74adbc-8552-4f4f-980c-3ac05677f4df,61b162d53ca0860436ad8f69ca371431,delivered,2026-08-30 04:59:26,2026-08-30 12:17:11.68008,2026-09-01 04:59:26,2026-09-10 04:59:26,2026-09-14 04:59:26
16482948-8cc1-4155-81cd-e688378fe632,a8827f0bd340b0c925104fee0629e381,delivered,2026-08-30 23:33:03,2026-08-31 11:54:31.457395,2026-09-02 23:33:03,2026-09-06 23:33:03,2026-09-24 23:33:03
8f1ad3c8-04f7-48a9-82aa-de9390683668,80255b4d66957ab58626ef18f9c5f16e,delivered,2026-08-30 16:05:47,2026-08-31 03:13:37.804947,2026-09-02 16:05:47,2026-09-06 16:05:47,2026-09-08 16:05:47
732f3cf7-02f7-4c45-87b3-4640dc2dc8e9,bf9a4770691ff9b2ddb07f4beb77d4ad,delivered,2026-08-30 04:40:38,2026-08-31 00:20:47.635554,2026-09-02 04:40:38,2026-09-08 04:40:38,2026-09-23 04:40:38
aac243f6-6bd5-409a-965a-d55296da5370,48f393741354adda8d6fb24150557969,delivered,2026-08-30 05:39:18,2026-08-30 11:28:21.381563,2026-08-31 05:39:18,2026-09-05 05:39:18,2026-09-18 05:39:18
0b9a2fc6-b787-4397-8a55-f308652d18d3,c3036aa75fc90c5000fddc9ec49012eb,delivered,2026-08-30 21:44:46,2026-08-31 21:08:32.368389,2026-09-01 21:44:46,2026-09-04 21:44:46,2026-09-21 21:44:46
042ff896-b7c3-4387-9e2e-2ca24d4540e0,ec428d23b2452cd2bd3daba88b977361,delivered,2026-08-30 13:56:05,2026-08-30 20:40:38.01409,2026-08-31 13:56:05,2026-09-06 13:56:05,2026-09-06 13:56:05
049ae63a-fb7d-4853-8c2a-f171dfb0ce42,d996e65771a851556bc07ba968d873e4,delivered,2026-08-30 22:46:04,2026-08-31 05:41:07.081785,2026-08-31 22:46:04,2026-09-10 22:46:04,2026-09-16 22:46:04
407e3a5b-c15e-4ca0-b013-41fb2832033f,5ddcd01413e76d53e9ee604f43d65430,delivered,2026-08-30 16:25:19,2026-08-30 22:34:22.287972,2026-08-31 16:25:19,2026-09-05 16:25:19,2026-09-13 16:25:19
9d9e9bbc-a7e4-4a85-83bf-f17e26eb7f20,32e23352f904da0c1128c0e9cf4ee89e,delivered,2026-08-30 09:22:56,2026-08-30 17:54:31.105637,2026-09-01 09:22:56,2026-09-12 09:22:56,2026-09-25 09:22:56
b4e55a20-6055-4663-94c0-fc77228338a0,1680b407a5a42b8d82a8c351ad0fc6db,delivered,2026-08-30 11:27:06,2026-08-31 02:06:38.231398,2026-08-31 11:27:06,2026-09-10 11:27:06,2026-09-11 11:27:06
8b31f804-6aba-4fd1-a1f2-1c254791d475,a2667acb77009a458f3cbe8b70db4041,delivered,2026-08-30 03:00:49,2026-08-30 21:04:12.74063,2026-09-02 03:00:49,2026-09-04 03:00:49,2026-09-11 03:00:49
7c9b9fcf-6742-49ce-ab08-f50c382dae09,b170a6605f3743032f38d8a86c416181,delivered,2026-08-30 10:11:43,2026-08-31 05:08:13.134996,2026-09-01 10:11:43,2026-09-06 10:11:43,2026-09-06 10:11:43
cd8d76db-40d6-49e3-bb88-5be1e666a05f,b822fa79e7e6fae9710a5cfa3655e639,delivered,2026-08-30 06:35:30,2026-08-30 18:16:59.281653,2026-09-02 06:35:30,2026-09-08 06:35:30,2026-09-09 06:35:30
9358b48a-5422-4802-82e8-fdcf33c6d312,4c0d7cf1595c2e09a3dab5b773475c4b,delivered,2026-08-30 20:46:30,2026-08-31 18:44:51.596371,2026-09-02 20:46:30,2026-09-06 20:46:30,2026-09-23 20:46:30
c8285f02-487b-49b6-a024-39ca264057a2,21e9efc286abfd10df26c15bd886a591,delivered,2026-08-30 15:36:16,2026-08-30 21:53:55.154223,2026-09-01 15:36:16,2026-09-03 15:36:16,2026-09-18 15:36:16
85ac2bb8-9185-4f3f-9282-9573c857e08d,3a30c9e0ace35152cfe87773de1ad89a,delivered,2026-08-30 09:41:51,2026-08-31 04:18:47.087563,2026-09-01 09:41:51,2026-09-03 09:41:51,2026-09-16 09:41:51
91c493ca-4c59-46db-955f-9a9cfc58a8c1,a9e29188d7ed246d080e5cd29c308f94,delivered,2026-08-30 08:05:42,2026-08-30 23:31:39.279087,2026-09-01 08:05:42,2026-09-08 08:05:42,2026-09-15 08:05:42
e28f0d61-8877-4664-a746-5286fec8b1b7,49206e681a7405da8d06cf16883575ff,delivered,2026-08-30 08:18:23,2026-08-31 05:47:03.85167,2026-09-01 08:18:23,2026-09-06 08:18:23,2026-09-22 08:18:23
5e43be69-1e9e-4c73-a6d8-beaddd36edd1,ab0634d19f181e73cd4100aaf5ede459,delivered,2026-08-30 13:17:06,2026-08-31 04:44:15.813618,2026-08-31 13:17:06,2026-09-09 13:17:06,2026-09-06 13:17:06
4caa0599-4135-4cd4-9c79-97674963df2d,a491b8f543276e069f786d6b35cd68b4,delivered,2026-08-30 11:26:04,2026-08-30 16:37:38.056622,2026-09-02 11:26:04,2026-09-11 11:26:04,2026-09-10 11:26:04
bca3b9ce-dc70-45bb-8b47-440f01fc48b2,3638a3325d0a96fa162961de63103f7b,delivered,2026-08-30 06:50:59,2026-08-31 06:48:26.384296,2026-09-01 06:50:59,2026-09-06 06:50:59,2026-09-07 06:50:59
d3b52fd2-cf51-41ac-a2ef-5fce3a22440b,46b729c6d178a258bfe256fd7416dfa5,delivered,2026-08-30 12:40:08,2026-08-30 20:49:50.995973,2026-08-31 12:40:08,2026-09-10 12:40:08,2026-09-23 12:40:08
43070de9-0b18-4f9e-bfed-99f859938ec7,ed31032d177b2192f391ea291d349b35,delivered,2026-08-30 01:46:17,2026-08-30 11:22:52.64921,2026-09-01 01:46:17,2026-09-05 01:46:17,2026-09-07 01:46:17
383733bd-a461-4b7c-9cf0-eb4efd19e540,33c079892847267e01751ae4c018aeda,delivered,2026-08-30 03:48:04,2026-08-30 19:24:33.369965,2026-09-02 03:48:04,2026-09-05 03:48:04,2026-09-21 03:48:04
d3bfd55c-c7f2-4d03-9d03-7fb2a4eff7e6,777ddf6fa6e05c93555d61e80b7bdfac,delivered,2026-08-30 05:37:38,2026-08-31 04:09:02.556046,2026-08-31 05:37:38,2026-09-07 05:37:38,2026-09-07 05:37:38
4eb6f00a-fc34-46aa-af44-95a890fed0f5,0a84f5dbc13ce8afbc36bcd1b36a99e1,delivered,2026-08-30 05:24:26,2026-08-30 20:25:19.270423,2026-08-31 05:24:26,2026-09-07 05:24:26,2026-09-18 05:24:26
c2484cdd-59af-4aa0-8283-8bd8b7190eb6,914863a1fcd2e6a74c2ce3b8ff7f95bb,delivered,2026-08-30 11:47:20,2026-08-30 15:29:05.655081,2026-08-31 11:47:20,2026-09-11 11:47:20,2026-09-11 11:47:20
6c03c167-7b1f-483a-afc7-7f5e8b5e818a,2bbabbf597ca99ac722589475da05e71,delivered,2026-08-30 18:13:20,2026-08-30 21:56:51.262636,2026-09-01 18:13:20,2026-09-08 18:13:20,2026-09-20 18:13:20
478faf20-621f-47fc-8ef9-4854dff36ff6,3b723b649feb48f3cfbb9c728efb3d7d,delivered,2026-08-30 13:01:09,2026-08-31 12:24:06.397419,2026-09-02 13:01:09,2026-09-12 13:01:09,2026-09-14 13:01:09
31c2f6ce-b117-46af-aebf-0c629fdb1334,22b1ad8cd3406eff0192a04e1dc04e03,delivered,2026-08-30 02:06:36,2026-08-30 03:55:13.816281,2026-09-02 02:06:36,2026-09-04 02:06:36,2026-09-22 02:06:36
edac91d2-398c-4381-b539-e451415114c0,84c4b08968051f2c67eb078782195b5a,delivered,2026-08-30 21:06:37,2026-08-31 12:34:55.503067,2026-09-02 21:06:37,2026-09-09 21:06:37,2026-09-21 21:06:37
ce48797d-ff45-400a-97c2-6c972e68604f,a283b1e74d1373d37133117c9f940225,delivered,2026-08-30 06:04:01,2026-08-30 22:26:17.771437,2026-08-31 06:04:01,2026-09-06 06:04:01,2026-09-07 06:04:01
9a705f3d-0e91-48ca-a7fb-0880d3039c9e,6bf45280537c119fa70ed4a4fb7dd688,delivered,2026-08-30 16:33:00,2026-08-30 22:30:04.551188,2026-09-02 16:33:00,2026-09-05 16:33:00,2026-09-17 16:33:00
276c34b6-99d3-4b11-8165-e3d3a2bbd2ad,9d992f2faf3d1ff0c2f25d12a0e09690,delivered,2026-08-30 09:27:02,2026-08-31 08:58:21.162771,2026-09-02 09:27:02,2026-09-09 09:27:02,2026-09-25 09:27:02
02260b43-c63a-4094-9800-03e2703b6016,bd92a8b890c659ac8b0875d558c4e8df,delivered,2026-08-30 12:03:00,2026-08-30 16:30:15.826607,2026-08-31 12:03:00,2026-09-11 12:03:00,2026-09-19 12:03:00
9a7d615b-531b-4db7-ac99-49a34e122925,175de8a4961e457fe70b47470b374dfe,delivered,2026-08-30 04:36:45,2026-08-30 10:34:45.416149,2026-08-31 04:36:45,2026-09-05 04:36:45,2026-09-14 04:36:45
3813bf9f-c656-4778-8468-c4fb2d97f101,a98102f934d6566ffecc597e6f762e90,delivered,2026-08-30 05:37:40,2026-08-30 21:20:02.579244,2026-09-02 05:37:40,2026-09-06 05:37:40,2026-09-09 05:37:40
2ec37350-d0a2-40fe-85b9-b078c78e6fb3,ee8b9c4b67be6419a04e1f0c292a773b,delivered,2026-08-30 11:24:02,2026-08-30 21:17:04.063682,2026-09-02 11:24:02,2026-09-04 11:24:02,2026-09-16 11:24:02
25900375-a813-47f3-a2af-d1de6767354c,7d20dbb6b87656a8657915adaf75b20f,delivered,2026-08-30 19:02:00,2026-08-31 14:47:31.453342,2026-09-02 19:02:00,2026-09-04 19:02:00,2026-09-23 19:02:00
1f90b389-4813-4685-bdc1-cc44000b7dad,96e8f4d19162a5c81e5b7779e6e69947,delivered,2026-08-30 06:52:55,2026-08-30 15:24:53.879817,2026-09-01 06:52:55,2026-09-07 06:52:55,2026-09-10 06:52:55
3be9bbe2-cb18-49aa-8643-5ee06a6d3416,a6f899e6783a09f47bce511ffb9a2d9d,delivered,2026-08-30 22:23:21,2026-08-31 10:02:41.880272,2026-09-01 22:23:21,2026-09-03 22:23:21,2026-09-20 22:23:21
8437efe0-bcb7-404c-990c-673e6292b750,d3635b8eeab30334c8add14ca042370e,delivered,2026-08-30 20:25:50,2026-08-31 09:43:06.203569,2026-09-02 20:25:50,2026-09-13 20:25:50,2026-09-16 20:25:50
16d2c385-e424-4a13-b7dd-85640c0b1046,2990013a5e943d046a0eb0bae83a68d8,delivered,2026-08-30 17:04:59,2026-08-31 08:26:43.100015,2026-08-31 17:04:59,2026-09-10 17:04:59,2026-09-23 17:04:59
b159272b-84ba-40ca-832f-34dcf514d431,0eeab95cbdfcad21ed5cc7c014451a66,delivered,2026-08-30 00:23:43,2026-08-30 02:58:03.075581,2026-09-02 00:23:43,2026-09-12 00:23:43,2026-09-17 00:23:43
0c50176a-288f-4dbf-b336-bc28db8d9508,966be50d83ff1fea6ae8877708b48caf,delivered,2026-08-30 08:52:26,2026-08-31 01:15:12.256056,2026-09-02 08:52:26,2026-09-04 08:52:26,2026-09-18 08:52:26
379aa1bd-91eb-4c0e-915b-7dad22b27bab,b5cf26837dd524ac1226c4bc309b26de,delivered,2026-08-30 04:28:19,2026-08-30 09:37:07.686527,2026-09-01 04:28:19,2026-09-06 04:28:19,2026-09-11 04:28:19
9cdf14a1-169a-45cd-94c0-bb54e7afac31,82223ce649c99d806610124e8793108a,delivered,2026-08-30 17:41:25,2026-08-31 14:10:18.657912,2026-09-01 17:41:25,2026-09-09 17:41:25,2026-09-08 17:41:25
8bd88fc8-890f-4ddd-902e-03d18863952d,5fee696482bd8b0db6cb196b33e5addc,delivered,2026-08-30 11:26:04,2026-08-30 14:45:12.149467,2026-09-02 11:26:04,2026-09-11 11:26:04,2026-09-19 11:26:04
252e9ff6-dfd7-447b-9ad4-555c827f1655,ac27243bffbc9c58eb62adfb58c71488,delivered,2026-08-30 22:44:11,2026-08-31 13:53:15.725603,2026-09-01 22:44:11,2026-09-04 22:44:11,2026-09-10 22:44:11
b0cc93dd-9562-4a51-9283-b6e80e975f3f,c1d7be54fee2b8dec4ebd5beea9ad0ae,delivered,2026-08-30 13:57:22,2026-08-31 10:59:44.533247,2026-09-01 13:57:22,2026-09-04 13:57:22,2026-09-13 13:57:22
4d804bc1-677a-481b-8cbd-6f7f5ea86db5,3257a8d4cbb3343dcf40eac13ba329cb,delivered,2026-08-30 14:41:01,2026-08-30 19:29:54.281096,2026-08-31 14:41:01,2026-09-04 14:41:01,2026-09-16 14:41:01
08394a71-7c92-47d5-a97e-0fcd3126769f,ec6fcecd3e931a460eb12b2c00a586f7,delivered,2026-08-30 07:22:57,2026-08-30 13:56:06.145849,2026-09-01 07:22:57,2026-09-04 07:22:57,2026-09-21 07:22:57
b5225ec5-692e-40fc-9400-9595d5ae2e89,5b4409c0035f6db6b178b2d5b7e30ba3,delivered,2026-08-30 09:08:10,2026-08-30 21:14:03.175662,2026-08-31 09:08:10,2026-09-03 09:08:10,2026-09-19 09:08:10
7f434f73-66fa-4353-b648-474d32ad6111,acde0e281d7c551824bbf9dc9933e98a,delivered,2026-08-30 06:14:24,2026-08-30 10:03:05.214676,2026-08-31 06:14:24,2026-09-10 06:14:24,2026-09-09 06:14:24
3e98d16a-f6ee-43e6-8afe-abad58fb208f,ddd15ef77c83eea8c534d2896173a927,delivered,2026-08-30 03:06:29,2026-08-30 18:17:15.066372,2026-09-01 03:06:29,2026-09-11 03:06:29,2026-09-12 03:06:29
c00acfcb-100b-4faf-870d-b54708895b45,b41fd3073c40d1445c9bd861f4d2a57c,delivered,2026-08-30 22:39:45,2026-08-31 17:43:12.521901,2026-08-31 22:39:45,2026-09-09 22:39:45,2026-09-26 22:39:45
5c1e12c8-3985-4819-90c8-95f90d35d836,21340bc68e361154e5329c3c655dca4f,delivered,2026-08-30 22:27:28,2026-08-31 11:29:07.679762,2026-09-01 22:27:28,2026-09-04 22:27:28,2026-09-08 22:27:28
35e57eb3-8709-4f43-8329-b06f8a035207,ca44b093785d8fd0ad08ab08a5492227,delivered,2026-08-30 03:40:08,2026-08-30 20:47:42.076146,2026-08-31 03:40:08,2026-09-05 03:40:08,2026-09-10 03:40:08
7a72825f-f4af-4cce-ac10-ade386160238,c01636cb2989108146b7c17f2ab9ad21,delivered,2026-08-30 12:00:55,2026-08-30 12:37:23.050329,2026-09-02 12:00:55,2026-09-12 12:00:55,2026-09-24 12:00:55
cbd78aa8-c1f9-42cf-8216-3162cdaf3df6,fdcca2167b501b67547f21062a009568,delivered,2026-08-30 16:27:56,2026-08-30 20:14:18.376631,2026-08-31 16:27:56,2026-09-06 16:27:56,2026-09-14 16:27:56
3709e107-2538-44a0-bf52-b6d4dbf75ff9,a6f116c3fec7399c4e0d473c73a3eecd,delivered,2026-08-30 20:59:37,2026-08-31 05:17:07.343868,2026-08-31 20:59:37,2026-09-06 20:59:37,2026-09-16 20:59:37
030ac8e4-2d03-4721-a748-6590d920846e,552215a43eb8963b5ea631bde3e63bc5,delivered,2026-08-30 17:23:38,2026-08-30 20:06:08.579675,2026-08-31 17:23:38,2026-09-11 17:23:38,2026-09-14 17:23:38
07ba214d-dece-4711-8297-c38cf16e3b8c,66d247f0fa0bd6815737e88786a29069,delivered,2026-08-30 18:01:43,2026-08-31 03:15:53.867186,2026-09-02 18:01:43,2026-09-11 18:01:43,2026-09-08 18:01:43
5430ab6d-7ff7-4387-976b-13c4c94fdbeb,b70f7403a4a948591a710e973feaad27,delivered,2026-08-30 06:59:03,2026-08-30 18:58:33.502682,2026-09-02 06:59:03,2026-09-10 06:59:03,2026-09-09 06:59:03
5b91bc12-fa9f-4feb-b1eb-3bc387a5f3ac,32bf3df42f4a846dc888178f9e276111,delivered,2026-08-30 06:58:00,2026-08-30 15:51:28.46111,2026-08-31 06:58:00,2026-09-10 06:58:00,2026-09-15 06:58:00
db7baa4a-c7b8-4453-bbb6-2506b740a99a,a8131efea21bdc71335f152cbd7767f7,delivered,2026-08-30 18:33:18,2026-08-31 05:21:08.251007,2026-09-02 18:33:18,2026-09-06 18:33:18,2026-09-14 18:33:18
aeb3820d-7c69-420a-aa10-b2c93b3a8668,e308d751c2741e14cf3872387c71ccf1,delivered,2026-08-30 13:38:09,2026-08-31 04:53:23.801359,2026-09-01 13:38:09,2026-09-05 13:38:09,2026-09-12 13:38:09
424a50dc-e361-4ea6-835a-16373e78e18a,d99f288e450885b0341d068671fcf5a5,delivered,2026-08-30 06:28:54,2026-08-30 21:48:20.365169,2026-09-01 06:28:54,2026-09-10 06:28:54,2026-09-19 06:28:54
a4709a05-5bec-4484-94e2-a2bab351c72f,6f463a79f3c9e5c6048406464a7d5228,delivered,2026-08-30 22:59:30,2026-08-31 15:58:24.869287,2026-09-02 22:59:30,2026-09-05 22:59:30,2026-09-10 22:59:30
517b1673-6ed2-4fca-8608-7678e8c8f5cd,16aba5570b45f6b4c9204407132e2cae,delivered,2026-08-30 11:19:03,2026-08-31 10:00:01.341311,2026-08-31 11:19:03,2026-09-04 11:19:03,2026-09-10 11:19:03
c5d86afe-105d-4720-986d-838c5f9aff95,ea949f6f5753d29dc9185bb4cafaeb65,delivered,2026-08-30 06:28:27,2026-08-31 03:02:58.753872,2026-08-31 06:28:27,2026-09-07 06:28:27,2026-09-21 06:28:27
f5968f88-e608-4a29-bc48-8e85e351af7f,a4c79e8a9d9fcb82de5dddf33918fb47,delivered,2026-08-30 08:47:44,2026-08-31 08:00:21.765552,2026-09-01 08:47:44,2026-09-03 08:47:44,2026-09-08 08:47:44
ae67d689-58bf-4b0c-99f5-f6166e840234,8ea66ae4d3f2dc12f923574e837df7b3,delivered,2026-08-30 10:52:02,2026-08-30 20:29:06.636173,2026-09-02 10:52:02,2026-09-12 10:52:02,2026-09-21 10:52:02
e03d976a-b180-45f7-a24a-b48322e02793,59114bde7ce6b9fd6ed88bb8dc422d46,delivered,2026-08-30 10:13:53,2026-08-30 20:15:49.206578,2026-09-02 10:13:53,2026-09-04 10:13:53,2026-09-15 10:13:53
02e1849e-a0e9-4793-a0bb-a0c93285a6a9,a8eb0998c3d6af8fef2e6c696d07a821,delivered,2026-08-30 23:15:48,2026-08-31 15:51:14.170766,2026-08-31 23:15:48,2026-09-05 23:15:48,2026-09-07 23:15:48
a3a0ba0e-7114-43d1-a005-230dbbefd9d6,c9fe1c67c4d2d851dd6d1a81751636a2,delivered,2026-08-30 01:36:46,2026-08-30 19:30:32.361349,2026-08-31 01:36:46,2026-09-02 01:36:46,2026-09-23 01:36:46
1f7b81be-b151-4882-b01f-24e19cf3a103,87f4ffa28a4526f3eda93f8f991e431e,delivered,2026-08-30 07:12:17,2026-08-30 19:55:47.066901,2026-08-31 07:12:17,2026-09-08 07:12:17,2026-09-17 07:12:17
96669baf-f43b-4a2a-838b-d700b35a3afe,a43a79dd4f99afae882ef0a2e89bc14e,delivered,2026-08-30 18:41:47,2026-08-31 02:47:57.867768,2026-09-02 18:41:47,2026-09-08 18:41:47,2026-09-14 18:41:47
1b1a5597-a283-431a-b260-9c3567357bba,729dfbf6fa56ed28db8f4ffab3df53bd,delivered,2026-08-30 06:14:46,2026-08-30 09:31:08.105554,2026-08-31 06:14:46,2026-09-02 06:14:46,2026-09-22 06:14:46
fa9c86e9-a6c8-421c-8e37-2c457460c93f,fa689a2e5dd5f3a3745cf1158e586c18,delivered,2026-08-30 16:48:08,2026-08-30 20:53:43.967704,2026-08-31 16:48:08,2026-09-05 16:48:08,2026-09-15 16:48:08
3d3ad681-0b8c-4f40-8eaf-7ed624f1e26e,025aacb42b2bf1b72a848fa69a0a6a96,delivered,2026-08-30 01:25:20,2026-08-31 00:08:47.947939,2026-09-02 01:25:20,2026-09-13 01:25:20,2026-09-07 01:25:20
3f01e4e3-3c42-4700-977d-860ab453234e,1132036fb26760e31485647c6c6b3e27,delivered,2026-08-30 04:58:26,2026-08-30 16:23:34.295375,2026-09-01 04:58:26,2026-09-12 04:58:26,2026-09-07 04:58:26
4518eab9-0942-4952-b5b2-fc66542eb2ab,f2676ef361959c938b35ecd32321adce,delivered,2026-08-30 06:06:22,2026-08-31 04:25:01.128283,2026-08-31 06:06:22,2026-09-11 06:06:22,2026-09-11 06:06:22
9bae3e08-d6c9-4ff5-a136-e74f73e766b3,ec9a7d378b0d04898043ca0bbd08da11,delivered,2026-08-30 12:40:16,2026-08-30 15:57:04.283614,2026-09-01 12:40:16,2026-09-08 12:40:16,2026-09-08 12:40:16
df218b00-720f-4cd9-aea5-ddf96279ee0c,e09ccd04cb9679cb5033871d086afd62,delivered,2026-08-30 10:14:00,2026-08-31 08:56:56.947746,2026-09-01 10:14:00,2026-09-06 10:14:00,2026-09-12 10:14:00
8fd3cf65-1cda-42fe-8adf-184b1d77a242,8545a9b7b5b52bc607f0fe72c7dd323e,delivered,2026-08-30 20:51:30,2026-08-31 18:14:26.313989,2026-08-31 20:51:30,2026-09-07 20:51:30,2026-09-06 20:51:30
9969bea0-1a0f-4617-b054-8803dcf86510,a13bd5b42c826a7e9c495dfce14ebbe0,delivered,2026-08-30 13:12:01,2026-08-31 13:04:14.212231,2026-09-01 13:12:01,2026-09-07 13:12:01,2026-09-22 13:12:01
e2c03678-9de1-4c5d-8bdc-017888d4003e,cf52d3f2132b17f52fdf4b40c135163e,delivered,2026-08-30 19:44:51,2026-08-31 07:01:45.214598,2026-08-31 19:44:51,2026-09-08 19:44:51,2026-09-09 19:44:51
f036920c-9593-433d-aeb2-487b6cd51a4e,99fca759c58d196a5c671cd079fdc16b,delivered,2026-08-30 01:42:29,2026-08-30 23:32:46.524603,2026-09-01 01:42:29,2026-09-04 01:42:29,2026-09-26 01:42:29
103d0cb3-3fd5-41be-b2e2-82d91660eb2f,9fe0f1e8a4b461fc59cc93ed610e8d8e,delivered,2026-08-30 02:50:46,2026-08-30 20:26:09.319964,2026-08-31 02:50:46,2026-09-04 02:50:46,2026-09-11 02:50:46
9cfbbfdc-a056-4854-b7f6-cc6869e23e91,4b63832d8981eeb3359955d8057588e1,delivered,2026-08-30 16:08:55,2026-08-31 11:42:59.968623,2026-09-01 16:08:55,2026-09-04 16:08:55,2026-09-24 16:08:55
ebd78dbf-3daa-48d7-8171-817d26dcbafe,f4cca385564f9511f9fd06ed67b7f947,delivered,2026-08-30 04:49:14,2026-08-30 08:32:48.897029,2026-09-01 04:49:14,2026-09-04 04:49:14,2026-09-26 04:49:14
1f4f18a2-6caa-4c36-b8a4-92086c685880,268b639e32e5d28e8cfe379fc1fdd3f1,delivered,2026-08-30 12:53:08,2026-08-31 04:56:59.146179,2026-09-01 12:53:08,2026-09-04 12:53:08,2026-09-11 12:53:08
ec3bdd81-934f-4676-a215-d750dc71d6ad,3ec01ba0003c6a5bdea2b11f450c05dd,delivered,2026-08-30 20:12:05,2026-08-31 17:39:48.209102,2026-09-02 20:12:05,2026-09-06 20:12:05,2026-09-08 20:12:05
633d8319-0f06-4319-b948-f012a075172e,dd66b821762c71af5c8b3a0cb4e436a9,delivered,2026-08-30 22:08:02,2026-08-31 07:38:30.524992,2026-09-02 22:08:02,2026-09-08 22:08:02,2026-09-22 22:08:02
33126b5c-0335-49fa-9775-df246a024691,48e3a9de59a791697c8face0fb3d439c,delivered,2026-08-30 05:56:39,2026-08-30 14:40:56.292,2026-08-31 05:56:39,2026-09-03 05:56:39,2026-09-17 05:56:39
7cb21ab0-6534-42fd-990a-5242dce0fd4d,72f8edf9440d0b002a8c5a83884d879f,delivered,2026-08-30 04:37:08,2026-08-30 05:57:52.416524,2026-08-31 04:37:08,2026-09-02 04:37:08,2026-09-08 04:37:08
fd864b0a-60dc-4004-89cd-fd03db6f688b,6ee45baed0289293ba172055f0dd9011,delivered,2026-08-30 07:43:36,2026-08-30 11:28:54.426116,2026-08-31 07:43:36,2026-09-10 07:43:36,2026-09-06 07:43:36
61115ee5-fc26-4ffc-a491-a0f40af43a69,72ad3b059873841f4e0cc95d7eb93de2,delivered,2026-08-30 05:00:00,2026-08-30 05:14:21.788695,2026-08-31 05:00:00,2026-09-05 05:00:00,2026-09-13 05:00:00
bfccb905-0b85-4f73-bed9-f07d08aff30f,74dfb907a60cfa132eb67a88446eea41,delivered,2026-08-30 09:12:19,2026-08-30 11:08:45.204196,2026-09-02 09:12:19,2026-09-09 09:12:19,2026-09-14 09:12:19
9f06012d-b331-4566-9fad-2a12de268d59,b94096f3455e82c42363fd85e86fe649,delivered,2026-08-30 10:50:20,2026-08-30 15:51:53.471867,2026-08-31 10:50:20,2026-09-11 10:50:20,2026-09-25 10:50:20
4219489a-9eda-401e-92db-ef0745a95849,7d95f28e19204d8967a228cd7ea11896,delivered,2026-08-30 18:18:15,2026-08-31 13:11:58.928514,2026-09-02 18:18:15,2026-09-11 18:18:15,2026-09-13 18:18:15
8cc64070-73d4-43ed-a525-bbaed267574c,02d22b2dd08fd5b4bb3ebac28f73d68c,delivered,2026-08-30 15:54:26,2026-08-30 17:19:31.60499,2026-08-31 15:54:26,2026-09-09 15:54:26,2026-09-25 15:54:26
4f8da7aa-78d1-408a-acfe-fcf5506b6d1b,faac83b2c331891dd609c7b3626aed85,delivered,2026-08-30 18:25:06,2026-08-31 10:18:51.80438,2026-08-31 18:25:06,2026-09-03 18:25:06,2026-09-16 18:25:06
2c56f881-7b1e-49ae-942b-85f992e84ca6,7c91fa46908712a478a20deaf86252bf,delivered,2026-08-30 14:27:54,2026-08-31 05:02:50.447032,2026-08-31 14:27:54,2026-09-03 14:27:54,2026-09-18 14:27:54
0e4f092f-1f87-431c-8bf1-f54fc425ff66,b928a0080b89749b0b35f574ec9975a9,delivered,2026-08-30 21:56:15,2026-08-30 21:58:57.544497,2026-08-31 21:56:15,2026-09-07 21:56:15,2026-09-26 21:56:15
edd13e24-10b2-4cde-afa2-ba7df9cb955b,7b19c17065aacdf8c4f42645bb32c8c5,delivered,2026-08-30 16:33:00,2026-08-31 05:44:29.445893,2026-09-02 16:33:00,2026-09-04 16:33:00,2026-09-20 16:33:00
d443e0aa-e091-4054-90bf-b5c6a88cf526,0ed3394970c378e9243c2b7fb8efa496,delivered,2026-08-30 15:06:01,2026-08-31 14:47:30.156838,2026-09-01 15:06:01,2026-09-05 15:06:01,2026-09-12 15:06:01
faa38aa4-293b-4a97-bf7c-2451092364de,24cba367364e421110e32838a6e1efba,delivered,2026-08-30 12:24:03,2026-08-31 11:18:23.610765,2026-09-01 12:24:03,2026-09-05 12:24:03,2026-09-21 12:24:03
8e44a1e0-5cac-4b20-af11-e4b93f97abe6,aef8ddfeb225f0a6077b0764c1d6a9f4,delivered,2026-08-30 22:23:44,2026-08-31 05:03:58.060404,2026-09-01 22:23:44,2026-09-11 22:23:44,2026-09-22 22:23:44
90aee357-e263-410b-9b1f-9630388691cb,e406ec5a3f6e41c1eebbbcc6f48abda2,delivered,2026-08-30 12:14:41,2026-08-31 01:47:10.135129,2026-08-31 12:14:41,2026-09-10 12:14:41,2026-09-21 12:14:41
51bef7d0-f3e3-4831-b2dc-df026af4037c,ab95bb8d3768e62831048ac6e059a973,delivered,2026-08-30 07:00:04,2026-08-30 16:45:43.023114,2026-09-02 07:00:04,2026-09-13 07:00:04,2026-09-21 07:00:04
2b647231-5b90-4475-9869-4368d0c1bb49,f4f811f335e7ad2807493faebcb874ef,delivered,2026-08-30 19:25:11,2026-08-31 13:42:11.569305,2026-09-01 19:25:11,2026-09-11 19:25:11,2026-09-21 19:25:11
4fedc549-618f-4cc0-aabe-ee57c4454422,13b24d45013751e69cb8764ac554a4d6,delivered,2026-08-30 04:52:30,2026-08-30 11:31:34.847813,2026-09-01 04:52:30,2026-09-11 04:52:30,2026-09-21 04:52:30
35f0ec48-a2cc-40f4-ba71-65d1c32e7293,323843df35acf725f17be8e3c427782d,delivered,2026-08-30 08:57:56,2026-08-30 14:17:37.895405,2026-09-02 08:57:56,2026-09-07 08:57:56,2026-09-06 08:57:56
77f988f0-2263-442d-b9db-d26028f541d4,bbc12ed5c232b6608aeb60a1ffc9611e,delivered,2026-08-30 16:25:56,2026-08-31 15:23:25.891733,2026-09-01 16:25:56,2026-09-06 16:25:56,2026-09-19 16:25:56
3962277e-d3d3-476e-ab4e-e3a98175b9a0,c8e156923e9f6ddffd08c5df3c01880b,delivered,2026-08-30 04:05:47,2026-08-30 18:16:25.71591,2026-09-01 04:05:47,2026-09-07 04:05:47,2026-09-14 04:05:47
7ed1b7a4-c36c-4204-89a3-69fdba033696,678d20542c7e73359dbe7f13acd6a4f1,delivered,2026-08-30 11:23:45,2026-08-30 12:29:21.008283,2026-09-01 11:23:45,2026-09-08 11:23:45,2026-09-23 11:23:45
3f95be44-6329-472d-a1dd-222b502e7bdb,7f32b15eb2186290931b86a68f04807f,delivered,2026-08-30 05:35:09,2026-08-30 14:33:37.646059,2026-08-31 05:35:09,2026-09-07 05:35:09,2026-09-24 05:35:09
a0efc64e-7ddb-44d4-b120-69ae6c20a95a,6b812afcc3453ae8a74ad4fe434ef393,delivered,2026-08-30 17:35:09,2026-08-31 02:10:56.005283,2026-08-31 17:35:09,2026-09-08 17:35:09,2026-09-13 17:35:09
c008c4e7-93f6-495c-9e07-ef92f8921f8a,fd968a9c1ef34fa12e2e96371b589664,delivered,2026-08-30 11:43:12,2026-08-30 19:48:49.081134,2026-09-01 11:43:12,2026-09-05 11:43:12,2026-09-21 11:43:12
dc3435b1-4cca-4c24-8936-3de85b00c6fe,b43b66d0bf62b519a78dec638270e225,delivered,2026-08-30 09:04:17,2026-08-30 18:35:23.724955,2026-09-02 09:04:17,2026-09-08 09:04:17,2026-09-26 09:04:17
67e0de20-ca5a-4af9-8d18-f08ec656a664,51e1fc8a17cbfb73d2374b9606c77c3f,delivered,2026-08-30 19:52:51,2026-08-30 21:54:15.553411,2026-09-01 19:52:51,2026-09-09 19:52:51,2026-09-26 19:52:51
5478ab88-f5bf-432e-ac3b-b54460ad6f70,56d81219d0478974c287e04cdb0c8c6a,delivered,2026-08-30 05:33:22,2026-08-30 14:50:06.235879,2026-09-02 05:33:22,2026-09-10 05:33:22,2026-09-25 05:33:22
f4b72431-b01d-4b50-b973-8076322a33c7,09fdefd1702f72c144ad0de71d639900,delivered,2026-08-30 17:46:36,2026-08-31 12:07:34.769257,2026-09-01 17:46:36,2026-09-05 17:46:36,2026-09-20 17:46:36
34345c8a-0f53-4f29-997c-1b9d6e20ab5d,d0b0d73f1abce4934ef0895fed3726d7,delivered,2026-08-30 20:55:07,2026-08-31 06:04:15.382328,2026-08-31 20:55:07,2026-09-02 20:55:07,2026-09-19 20:55:07
c7d6fd5f-17ac-49b1-80c3-e41b4f648260,288e2844929a0296a4f9d2b671c09a0a,delivered,2026-08-30 05:27:55,2026-08-30 16:20:05.266787,2026-09-02 05:27:55,2026-09-13 05:27:55,2026-09-23 05:27:55
e8fbf042-5fbf-4527-b873-6fc62259bfa6,e2dfb3ace8e284559592771149dc9438,delivered,2026-08-30 09:27:20,2026-08-31 09:14:49.165869,2026-09-02 09:27:20,2026-09-12 09:27:20,2026-09-15 09:27:20
04c7b62f-282d-4f3c-9efe-bd5658b07f2b,cdfb43f4e84e1508fdaa9d6eb73e52d8,delivered,2026-08-30 10:42:05,2026-08-31 08:07:06.610334,2026-09-01 10:42:05,2026-09-04 10:42:05,2026-09-25 10:42:05
b0d381e3-5b49-4ca8-bc8b-033c727e8cae,9e8a6c20af9e336adbc7eebf180cfb93,delivered,2026-08-30 10:21:23,2026-08-30 12:38:42.499962,2026-08-31 10:21:23,2026-09-09 10:21:23,2026-09-10 10:21:23
ef1ae339-40a7-4c23-95aa-1e60c6a058f2,1112e31a003d7a7ef429a45db0aee71f,delivered,2026-08-30 23:51:26,2026-08-31 22:38:47.506061,2026-08-31 23:51:26,2026-09-10 23:51:26,2026-09-25 23:51:26
733c1af7-644b-4dd3-9cad-8f814bca8210,595a590ba9c0127d59855c4dba71a69e,delivered,2026-08-30 16:10:33,2026-08-30 20:31:31.427401,2026-09-02 16:10:33,2026-09-06 16:10:33,2026-09-16 16:10:33
7917e09d-2f01-4e97-9782-dcdb4977b188,06ffd9960e9ec5811b24d8d5904a89d9,delivered,2026-08-30 20:28:01,2026-08-31 17:19:04.682471,2026-09-02 20:28:01,2026-09-05 20:28:01,2026-09-19 20:28:01
50b62777-3aac-4c9f-a1a0-608858eea7df,f776fdd034f1a561f18be7892b8a2874,delivered,2026-08-30 16:34:48,2026-08-30 20:32:07.181078,2026-09-01 16:34:48,2026-09-08 16:34:48,2026-09-26 16:34:48
bbf2feba-e618-4914-87b7-8c6599ad2617,0667f9442ea0fda05f8e5153c837bf7f,delivered,2026-08-30 16:30:58,2026-08-31 06:31:38.676669,2026-08-31 16:30:58,2026-09-11 16:30:58,2026-09-11 16:30:58
93ee90ec-6b9b-4f4a-a57a-7462dd908835,c1763055037cbee9f13fb9f115aea5a3,delivered,2026-08-30 02:09:51,2026-08-30 18:07:49.325866,2026-08-31 02:09:51,2026-09-10 02:09:51,2026-09-24 02:09:51
5159942d-e2bb-4e9c-ba2a-1274b5438698,92e9f053842858174c802676e515d8ef,delivered,2026-08-30 14:10:24,2026-08-30 19:07:44.617793,2026-09-01 14:10:24,2026-09-03 14:10:24,2026-09-06 14:10:24
4144ab14-5c58-4f16-9af3-969c8e77adb9,4874fe3c17665962a71cdcdf3f9cd9a0,delivered,2026-08-30 22:07:39,2026-08-31 07:11:22.67015,2026-09-01 22:07:39,2026-09-10 22:07:39,2026-09-07 22:07:39
7201ebda-c421-4164-bc45-f3504c992f32,c493b8c381efad283970ab7c79624db8,delivered,2026-08-30 05:04:49,2026-08-30 21:28:33.13605,2026-09-02 05:04:49,2026-09-08 05:04:49,2026-09-10 05:04:49
a81f364c-2400-4e18-beee-4f414f47d6bb,7dd5c1566fc89f51e10d018c551e43e8,delivered,2026-08-30 16:24:30,2026-08-30 20:27:16.976827,2026-08-31 16:24:30,2026-09-10 16:24:30,2026-09-09 16:24:30
490cbe58-5798-4adf-96cf-1db559388a01,fbe5e936200a869da3a98b8bb37584af,delivered,2026-08-30 16:47:57,2026-08-31 14:46:33.786028,2026-09-02 16:47:57,2026-09-06 16:47:57,2026-09-26 16:47:57
b0ac6687-2f5a-405c-a3ab-b923c806e4cc,398cdeaf241e3ab97c45cfc7471edc4f,delivered,2026-08-30 20:07:50,2026-08-30 22:15:57.800508,2026-08-31 20:07:50,2026-09-02 20:07:50,2026-09-21 20:07:50
fe7a82da-35e8-4a28-80ce-108dece6548e,82bf9449be249defb5aefcf47ab81435,delivered,2026-08-30 08:56:17,2026-08-30 13:28:55.398165,2026-09-02 08:56:17,2026-09-07 08:56:17,2026-09-10 08:56:17
28e6532c-a375-4923-89a5-7a1db4305f41,104cbafbeb71d47ad1b0859c555f690c,delivered,2026-08-30 10:54:03,2026-08-30 11:03:33.962617,2026-08-31 10:54:03,2026-09-11 10:54:03,2026-09-23 10:54:03
ce6aa97f-baef-4fb1-9f2f-f9fca5f6296e,e919c40f6a9c942c75efe9d5afd724a8,delivered,2026-08-30 09:03:59,2026-08-30 17:49:47.145026,2026-09-01 09:03:59,2026-09-12 09:03:59,2026-09-25 09:03:59
08be7725-b49d-43ad-9e07-804852d09312,a94a18b754523b6845747ab60c906ece,delivered,2026-08-30 02:23:44,2026-08-30 08:16:33.821655,2026-09-02 02:23:44,2026-09-10 02:23:44,2026-09-24 02:23:44
0ad83742-bec8-4bc4-8f26-1a9f149ccb52,4aa40fd3991ea64e9dead06fe15f021c,delivered,2026-08-30 23:14:09,2026-08-31 07:44:08.405604,2026-08-31 23:14:09,2026-09-10 23:14:09,2026-09-19 23:14:09
78fc0e7f-0d08-4cee-82f0-062c80bb347c,ef3a66154372e62de501a93651f293da,delivered,2026-08-30 01:59:32,2026-08-30 07:09:42.961755,2026-09-01 01:59:32,2026-09-05 01:59:32,2026-09-20 01:59:32
fcd4448f-79ef-4544-96c2-4e7de6aa2164,7fab87c1778bff3566834e0a48fff0b9,delivered,2026-08-30 11:08:18,2026-08-31 09:08:37.712595,2026-09-01 11:08:18,2026-09-12 11:08:18,2026-09-09 11:08:18
f7d3f9e4-f73a-4a47-b37e-126d47164883,e36a3d4d67a762c1e7bee1bf939769e0,delivered,2026-08-30 16:01:21,2026-08-30 23:06:48.148816,2026-09-02 16:01:21,2026-09-09 16:01:21,2026-09-24 16:01:21
0a1168bf-9dd4-4cd6-aabd-f43268feb4cb,fc7e521457f2d19ac89645104cfa33f5,delivered,2026-08-30 12:46:00,2026-08-30 16:37:54.182072,2026-09-02 12:46:00,2026-09-05 12:46:00,2026-09-11 12:46:00
95b83a4a-4360-441e-9e40-7badbc0e2ebd,553116a8650fecf9e64790c28a2aa2ae,delivered,2026-08-30 09:14:33,2026-08-31 05:41:21.048156,2026-08-31 09:14:33,2026-09-08 09:14:33,2026-09-06 09:14:33
3f22d942-28c4-4754-b27f-bd3721195bdd,a9d80d8258270aa25541958f8c3904f8,delivered,2026-08-30 07:49:47,2026-08-30 21:05:26.117429,2026-09-02 07:49:47,2026-09-05 07:49:47,2026-09-16 07:49:47
0b6ba4d7-2e38-4530-bed8-160737d40dac,6ab61c668f2cc0bf964afc5666bf4cc3,delivered,2026-08-30 20:26:08,2026-08-30 23:36:21.523428,2026-09-01 20:26:08,2026-09-03 20:26:08,2026-09-25 20:26:08
db9da879-fa50-4e99-bac5-513d5664d192,dc6c6bacaee8aaf42d5ce696560033dd,delivered,2026-08-30 00:01:30,2026-08-30 11:16:04.729111,2026-09-02 00:01:30,2026-09-13 00:01:30,2026-09-22 00:01:30
42fb6884-5570-4226-87ea-31b6fd1d2d71,680a424fc0bbea603304b1e6da2a6183,delivered,2026-08-30 03:28:00,2026-08-30 14:46:50.224232,2026-08-31 03:28:00,2026-09-03 03:28:00,2026-09-26 03:28:00
12a10fae-c5f2-48bd-b107-ffba20c447fd,529cdd66b36605936a5c313cfe7427f4,delivered,2026-08-30 20:22:01,2026-08-31 14:43:45.440972,2026-09-01 20:22:01,2026-09-09 20:22:01,2026-09-24 20:22:01
c5d6a5bc-0628-40ea-be30-49d03ea6b36c,b0a36c4a0a2bff86d12b4eeee99bf958,delivered,2026-08-30 19:19:20,2026-08-31 11:07:38.998778,2026-09-02 19:19:20,2026-09-08 19:19:20,2026-09-19 19:19:20
89dd20fe-b457-49ae-9da2-dec9aa930f21,2b8a8ed99205231864b4a61ab286e939,delivered,2026-08-30 18:22:29,2026-08-31 12:52:29.799005,2026-09-02 18:22:29,2026-09-13 18:22:29,2026-09-21 18:22:29
23c4eee1-29f0-4ab4-ae8d-e1c1912920e7,791f4a4feac5a60fb1dfff80a1dd6598,delivered,2026-08-30 11:20:06,2026-08-30 14:38:57.24694,2026-09-01 11:20:06,2026-09-09 11:20:06,2026-09-16 11:20:06
ace67b83-668d-43de-bb53-9cf065a9b94c,0ece718a05ddb979db9231239c99bb8a,delivered,2026-08-30 11:54:59,2026-08-30 18:38:02.05226,2026-09-02 11:54:59,2026-09-06 11:54:59,2026-09-06 11:54:59
82e0aef8-2ce9-47d5-a0fd-6ec304e0f15f,d47f91614f1a37b1a64a53e39024a5bd,delivered,2026-08-30 13:33:37,2026-08-31 06:02:40.140156,2026-09-01 13:33:37,2026-09-04 13:33:37,2026-09-06 13:33:37
4c896813-7ed9-4425-b6bf-078e307a99d5,99e0d264323d48ab8442c307fecfc947,delivered,2026-08-30 18:19:02,2026-08-30 21:24:45.545638,2026-08-31 18:19:02,2026-09-07 18:19:02,2026-09-19 18:19:02
746740a5-f8a1-4c15-ab92-ccc7b78bc6ff,bd127006cdf5f6d30b2d413231cd8415,delivered,2026-08-30 02:03:06,2026-08-30 12:26:40.686415,2026-09-01 02:03:06,2026-09-06 02:03:06,2026-09-17 02:03:06
59493f8b-3fe8-4b69-8277-995255b0bf27,5a7d61368fc23bac656d669aa49702ab,delivered,2026-08-30 01:19:52,2026-08-31 01:12:01.463471,2026-09-01 01:19:52,2026-09-05 01:19:52,2026-09-15 01:19:52
4f4ea535-eca3-47e4-a302-241ab7a81ef3,08345c45f60f7377380fceade8679400,delivered,2026-08-30 10:14:54,2026-08-30 18:36:38.270065,2026-08-31 10:14:54,2026-09-05 10:14:54,2026-09-26 10:14:54
6c850285-ff3e-49ff-a358-411970fc3eed,17fa8ca4be9ab320869bbb7b3a63dce9,delivered,2026-08-30 05:53:24,2026-08-30 23:01:36.059521,2026-09-02 05:53:24,2026-09-09 05:53:24,2026-09-17 05:53:24
4b1a56c7-6265-4482-aec4-af5b01158217,fa807c8cddc512419cdf33e56c888386,delivered,2026-08-30 06:47:22,2026-08-30 15:57:03.15147,2026-09-02 06:47:22,2026-09-10 06:47:22,2026-09-06 06:47:22
b952c12d-7201-46e2-ace0-8dfae7a38aad,e749ef65bf52337f19fbf21c4b61c53e,delivered,2026-08-30 15:30:53,2026-08-30 18:18:21.118441,2026-09-02 15:30:53,2026-09-04 15:30:53,2026-09-26 15:30:53
ef65cad5-310c-4bf0-b254-23bc2885a699,d0dc9ac54813401181711c920b8b5a52,delivered,2026-08-30 07:28:29,2026-08-30 12:31:44.710912,2026-09-02 07:28:29,2026-09-11 07:28:29,2026-09-13 07:28:29
b077e1b7-be76-42ea-8e95-f64f31cfbdbf,600326644cd22ebebaad3704301d8135,delivered,2026-08-30 18:58:50,2026-08-30 21:58:46.874652,2026-09-02 18:58:50,2026-09-12 18:58:50,2026-09-22 18:58:50
83e612ff-b307-46be-bd6b-b86d52010fc3,2b261c26529c69b68839968c14d22369,delivered,2026-08-30 02:42:07,2026-08-30 14:40:36.400819,2026-08-31 02:42:07,2026-09-08 02:42:07,2026-09-12 02:42:07
aab6fe98-13d7-457c-818c-cac0428bab34,b866be3f3db9c467d60fa850efdfeecd,delivered,2026-08-30 14:25:22,2026-08-31 02:51:18.925174,2026-09-01 14:25:22,2026-09-09 14:25:22,2026-09-21 14:25:22
89692b67-d8b5-465d-9fb1-c2ab751588cd,f62a748374fb9339c8b2a648c160715b,delivered,2026-08-30 03:19:16,2026-08-31 02:41:39.066187,2026-09-01 03:19:16,2026-09-12 03:19:16,2026-09-07 03:19:16
28f2c3cc-f16a-4616-8755-90ddc4defad6,343a0b7bc6b0daa1c9b781cc1aa46445,delivered,2026-08-30 02:59:12,2026-08-30 11:02:26.372826,2026-08-31 02:59:12,2026-09-08 02:59:12,2026-09-20 02:59:12
df71e169-41ec-4bcf-9ee8-076d78043b1d,bfc5d0939f558b9c4b5afa10be9558f1,delivered,2026-08-30 17:07:41,2026-08-30 18:52:48.9164,2026-09-01 17:07:41,2026-09-03 17:07:41,2026-09-19 17:07:41
90257eeb-c19e-483d-8cb5-d7199e69630f,a30761dd5c59782f811c2b413af317dd,delivered,2026-08-30 18:18:55,2026-08-31 15:01:37.841395,2026-08-31 18:18:55,2026-09-11 18:18:55,2026-09-17 18:18:55
4ff54980-04c4-4072-8d24-8f1717f4d8a0,249188f806d10160f9874afb8ec5ed50,delivered,2026-08-30 11:37:54,2026-08-31 09:17:51.375674,2026-09-02 11:37:54,2026-09-09 11:37:54,2026-09-18 11:37:54
57c20921-00b3-41b5-9661-b159ab1fb8c5,abb81fc0cb80ca9d4e384afc58e49717,delivered,2026-08-30 18:43:45,2026-08-31 04:25:21.824255,2026-08-31 18:43:45,2026-09-10 18:43:45,2026-09-23 18:43:45
0610bc93-5824-4340-b71e-2b4aa0a50e6a,da0481fffc899341bd69b4aa17ceb64c,delivered,2026-08-30 03:52:08,2026-08-30 05:13:40.233271,2026-09-01 03:52:08,2026-09-08 03:52:08,2026-09-17 03:52:08
58dfecf8-db48-4536-b01c-72e1be80a8d2,eb6e09be276c91d873889d2868595748,delivered,2026-08-30 22:34:10,2026-08-31 08:37:33.669301,2026-08-31 22:34:10,2026-09-02 22:34:10,2026-09-09 22:34:10
f7d7d107-8012-40df-9dc0-de27082fe4e5,4c8e99eccf20fa3de5ce6e85e1a3e825,delivered,2026-08-30 20:16:19,2026-08-31 06:27:37.274165,2026-08-31 20:16:19,2026-09-04 20:16:19,2026-09-08 20:16:19
1f9ee2bd-8769-4f36-afdc-e6b23fa4519a,461f9c2c10c3c00e79b5cae634b5acc8,delivered,2026-08-30 09:14:43,2026-08-31 01:41:45.897128,2026-09-01 09:14:43,2026-09-09 09:14:43,2026-09-26 09:14:43
6894e588-8643-48a1-9862-d2230cef3905,f9221637539179d48001ecf3e5311cc9,delivered,2026-08-30 19:34:52,2026-08-31 07:38:26.231257,2026-08-31 19:34:52,2026-09-10 19:34:52,2026-09-22 19:34:52
fd27f6b8-7ffd-4d5a-9209-5ce799a01e76,c798c01690d37463672ac6710f7d6148,delivered,2026-08-30 04:21:03,2026-08-30 09:15:55.947454,2026-09-01 04:21:03,2026-09-07 04:21:03,2026-09-20 04:21:03
b2b4c3a1-3770-46b0-ae9f-5e78f4956c05,ff7a52cb304f46020dcd25d21c073e3a,delivered,2026-08-30 07:33:01,2026-08-30 20:29:23.346841,2026-09-02 07:33:01,2026-09-11 07:33:01,2026-09-18 07:33:01
037b2471-5ca5-4f93-98c8-804d2f0100e0,c54654905b64815899f7124f5c26f194,delivered,2026-08-30 11:38:55,2026-08-30 21:57:59.108609,2026-09-02 11:38:55,2026-09-12 11:38:55,2026-09-21 11:38:55
697507c2-d180-4b7b-a195-180909b79844,a6d5d3636fac08d83cdda01174465f15,delivered,2026-08-30 00:15:15,2026-08-30 12:09:11.314924,2026-09-01 00:15:15,2026-09-11 00:15:15,2026-09-07 00:15:15
62acbf6d-71b3-4cc2-8fa7-8483794da5fc,cf45e9bc7544ba97a0db03c7c7bf63c9,delivered,2026-08-30 11:50:56,2026-08-31 06:47:07.611957,2026-08-31 11:50:56,2026-09-06 11:50:56,2026-09-08 11:50:56
559be5c0-753a-461a-a68c-07dda25f636c,84106b0fd15d17c59d5bd961521b443a,delivered,2026-08-30 03:14:14,2026-08-30 09:58:40.920075,2026-09-01 03:14:14,2026-09-10 03:14:14,2026-09-21 03:14:14
5ab2b0d9-a4a3-482a-b8ac-12cb1cd74cdb,37c7462de8e76bf2b77641876c3c25e2,delivered,2026-08-30 14:21:24,2026-08-30 18:52:50.730455,2026-08-31 14:21:24,2026-09-06 14:21:24,2026-09-12 14:21:24
1b8d841d-f672-4208-bf75-e01db86128aa,4624a495981365fa48c8ac2ce5fc3b3d,delivered,2026-08-30 09:41:10,2026-08-31 03:37:39.573683,2026-08-31 09:41:10,2026-09-07 09:41:10,2026-09-15 09:41:10
97b2df1e-0233-4357-aa9f-f4f9a67c2962,78220fa256494297be69b602223ef6d0,delivered,2026-08-30 13:07:16,2026-08-31 05:53:54.344714,2026-09-02 13:07:16,2026-09-12 13:07:16,2026-09-21 13:07:16
8c205fd1-9f55-4a95-bc4f-25d31c0fbd10,4dbf01fdbd4d151fcd2f0f4cbec02c4e,delivered,2026-08-30 03:02:45,2026-08-30 07:33:03.140576,2026-09-01 03:02:45,2026-09-11 03:02:45,2026-09-23 03:02:45
3818ba9f-69e9-4e0d-bee0-e1be16c394b0,866abfca22fc51feacb9e9b1e8746632,delivered,2026-08-30 12:41:36,2026-08-30 19:21:08.040689,2026-08-31 12:41:36,2026-09-09 12:41:36,2026-09-06 12:41:36
c924fb93-b0d6-4caf-af7d-4fc58e07ba71,a8e7d88628f29e914e2c74b804e573a8,delivered,2026-08-30 16:22:46,2026-08-30 17:17:41.95771,2026-09-02 16:22:46,2026-09-13 16:22:46,2026-09-09 16:22:46
3e9aaac0-0019-415f-a22e-1253fb469b1e,74219e78dcaeeb30e8d09ed57801f0fe,delivered,2026-08-30 09:59:37,2026-08-31 06:07:18.14113,2026-09-02 09:59:37,2026-09-11 09:59:37,2026-09-25 09:59:37
0984cdb3-db4b-4f9c-9d0f-8970f85e16e8,1f52ff2844a8fe02f1c3f21881920751,delivered,2026-08-30 00:49:48,2026-08-31 00:29:59.70379,2026-09-02 00:49:48,2026-09-12 00:49:48,2026-09-19 00:49:48
57e0fad0-3a43-41d1-b2b8-c647f35cf599,d3d7b1d2f4b9cf8721881aa0476a9e3b,delivered,2026-08-30 08:01:35,2026-08-31 01:14:22.157096,2026-09-02 08:01:35,2026-09-10 08:01:35,2026-09-12 08:01:35
f1f08b03-3b08-4e79-9a1d-a18c8d33c7f6,1d27c6ba146cd92a1831a57346065da5,delivered,2026-08-30 06:15:30,2026-08-31 04:28:05.193301,2026-09-02 06:15:30,2026-09-04 06:15:30,2026-09-19 06:15:30
2dc16094-5d4c-4d4f-9652-8210d7c927a3,7c176c08ef456df175f90494caa9074c,delivered,2026-08-30 05:53:51,2026-08-30 12:41:58.556548,2026-09-02 05:53:51,2026-09-05 05:53:51,2026-09-26 05:53:51
6430bf29-dbea-4568-a417-e5e3d5dd95a0,b2bccc82326a6f4bc22b66371c027d60,delivered,2026-08-30 16:00:25,2026-08-30 21:01:04.6484,2026-08-31 16:00:25,2026-09-09 16:00:25,2026-09-18 16:00:25
6c4d5225-1dc9-46c7-bc29-7074f59ce9de,1f4ee0a526add149673b89204cc86155,delivered,2026-08-30 19:00:31,2026-08-30 21:42:11.871627,2026-08-31 19:00:31,2026-09-04 19:00:31,2026-09-13 19:00:31
807a80c2-831a-48d5-a1d0-562ced458460,08f8f3723352b52033c98eff219a73ce,delivered,2026-08-30 22:52:59,2026-08-31 11:03:55.97395,2026-08-31 22:52:59,2026-09-03 22:52:59,2026-09-26 22:52:59
7b1065c9-c128-436a-9608-5ebf5dc2cb12,ff8bccea0f872d28efb3170d1be104a9,delivered,2026-08-30 11:29:55,2026-08-31 10:21:00.242574,2026-09-01 11:29:55,2026-09-08 11:29:55,2026-09-07 11:29:55
4f3277ba-9368-43cb-a2fb-621a3afce0c7,922397e11abc5f3d52e248f57df8804e,delivered,2026-08-30 11:44:40,2026-08-30 16:31:20.023954,2026-08-31 11:44:40,2026-09-04 11:44:40,2026-09-20 11:44:40
441f08b9-1218-47df-8ce6-f0fd7134dc81,f632ad5299fd1a88f9aed3c617d761d0,delivered,2026-08-30 06:36:27,2026-08-31 00:11:34.040688,2026-08-31 06:36:27,2026-09-09 06:36:27,2026-09-18 06:36:27
69844d16-814d-4590-93b7-ec6bf42f8e97,ffdbd1a1e9a23977e4d638c2b0ccd0b9,delivered,2026-08-30 03:40:19,2026-08-31 01:05:46.061579,2026-09-01 03:40:19,2026-09-08 03:40:19,2026-09-21 03:40:19
41cb2af8-8075-4cb9-a423-8c53dbd96ec1,c513203fe6e98698871cdf652700f459,delivered,2026-08-30 04:58:43,2026-08-30 19:59:36.154914,2026-08-31 04:58:43,2026-09-09 04:58:43,2026-09-13 04:58:43
da7b863b-49e5-401e-8e7c-b78f18f0f4bc,bc1397d64d7111923b94fa9448da681f,delivered,2026-08-30 21:18:08,2026-08-30 22:37:23.198987,2026-09-02 21:18:08,2026-09-04 21:18:08,2026-09-19 21:18:08
37e5cc77-fb53-4501-83b9-295eb6a5393f,bd42702f2336b749f68ad537b1c0cea5,delivered,2026-08-30 02:24:58,2026-08-30 19:29:36.398834,2026-08-31 02:24:58,2026-09-08 02:24:58,2026-09-25 02:24:58
e8c0a53a-0a85-4904-aea6-2e7b355fdef7,5705c08c1d64ad1509507a9b761e8d41,delivered,2026-08-30 02:33:24,2026-08-30 07:03:20.908025,2026-09-02 02:33:24,2026-09-13 02:33:24,2026-09-11 02:33:24
84c93734-15d9-4578-94a1-1bb4111407d5,e4df5880b01ba6d4f9cb7b9188bc80e5,delivered,2026-08-30 07:58:03,2026-08-30 08:22:43.82678,2026-09-02 07:58:03,2026-09-05 07:58:03,2026-09-14 07:58:03
3052898c-8fb2-42dd-a828-d590a9450248,0a9b989d01b6dcfb690b128b24ab3221,delivered,2026-08-30 20:08:31,2026-08-31 04:29:02.339947,2026-09-01 20:08:31,2026-09-05 20:08:31,2026-09-08 20:08:31
317c3cc7-0df2-4942-a84f-0736f36fad03,a206f182a1a6baf1dba835644045745a,delivered,2026-08-30 19:12:35,2026-08-31 16:15:53.156181,2026-09-02 19:12:35,2026-09-13 19:12:35,2026-09-15 19:12:35
0c4fe3e5-de45-46ff-ae2e-500dede253e3,f8bebada4eeeeeb4b926ca743e5c22b5,delivered,2026-08-30 19:09:38,2026-08-30 20:39:29.494988,2026-08-31 19:09:38,2026-09-02 19:09:38,2026-09-10 19:09:38
ac42ed1e-9080-439b-98fd-082672363cba,92d10040d479c14fdb924ce85bb788c5,delivered,2026-08-30 06:40:13,2026-08-30 23:28:42.380953,2026-09-02 06:40:13,2026-09-06 06:40:13,2026-09-25 06:40:13
698fa9de-9386-45ea-99c7-2a16be5d8b17,48342baa6af62deabf69b3d7c8b4c079,delivered,2026-08-30 21:29:11,2026-08-31 18:36:08.82684,2026-08-31 21:29:11,2026-09-07 21:29:11,2026-09-10 21:29:11
a526b280-eae7-4920-aebe-5f744e79f428,25f039e34f6ccd860e4d6ca74ca53e7d,delivered,2026-08-30 11:00:10,2026-08-31 09:51:01.505705,2026-09-02 11:00:10,2026-09-04 11:00:10,2026-09-07 11:00:10
eb931e61-84fd-49ce-a39d-440fa5e6f859,6ffa438bec2443707f4219950fa51c59,delivered,2026-08-30 06:16:23,2026-08-30 12:34:12.00123,2026-09-01 06:16:23,2026-09-05 06:16:23,2026-09-13 06:16:23
d139ce99-2ee5-4612-b3e2-61f62146b6bc,9d9bba3706f6e6f719bafea5532c3b83,delivered,2026-08-30 16:58:42,2026-08-31 16:46:14.775016,2026-09-01 16:58:42,2026-09-08 16:58:42,2026-09-11 16:58:42
b71fe657-e9c9-42a1-bcff-1eab7b998894,212ac800bc3d917a0efcf8333f58fa1e,delivered,2026-08-30 13:45:02,2026-08-30 20:47:03.470157,2026-09-02 13:45:02,2026-09-09 13:45:02,2026-09-17 13:45:02
fe53da4d-4162-45a2-a1b7-378bfa1b58bd,4c8d80e17eae5b1140669da0438954e7,delivered,2026-08-30 23:31:26,2026-08-31 13:27:48.404364,2026-09-01 23:31:26,2026-09-05 23:31:26,2026-09-19 23:31:26
f0e3e8f7-9d7a-4162-a189-dcef2b17ff6f,af6e19f06ecfc197b49e1d1e2d35f2ed,delivered,2026-08-30 02:37:02,2026-08-30 11:02:15.676793,2026-08-31 02:37:02,2026-09-02 02:37:02,2026-09-13 02:37:02
dc9a98b6-4884-4115-a134-385d48d6a60b,cf96a08c56069584a82e7b49976a9598,delivered,2026-08-30 00:53:07,2026-08-30 04:21:01.546496,2026-08-31 00:53:07,2026-09-07 00:53:07,2026-09-17 00:53:07
965c24a6-79dd-4c24-95c7-70c1a9b28b4d,ba1c84ab6667813655a3a7eb07ef4a9b,delivered,2026-08-30 03:40:41,2026-08-31 02:02:31.491478,2026-08-31 03:40:41,2026-09-06 03:40:41,2026-09-23 03:40:41
ffa73b48-a040-4ee5-a428-251eeb2e78e7,084c12a2c5354ee5059c02f470e22aec,delivered,2026-08-30 09:43:55,2026-08-30 17:58:06.58885,2026-09-02 09:43:55,2026-09-08 09:43:55,2026-09-11 09:43:55
940bb017-d1b7-4867-a28e-8f5a9ec782d8,245f25690dd45fbd1e15f4941d9a6439,delivered,2026-08-30 03:13:35,2026-08-30 13:14:17.460178,2026-08-31 03:13:35,2026-09-09 03:13:35,2026-09-18 03:13:35
4d46a784-61fb-4eaf-9164-0995955427e2,a213379bc2b571ff29dfa26f7e843d68,delivered,2026-08-30 01:50:53,2026-08-30 12:21:00.883965,2026-09-02 01:50:53,2026-09-10 01:50:53,2026-09-07 01:50:53
bf4cd502-1971-417f-94d1-bcd8dbabacb0,96b643bb9f71e44bd5c1a6681f7cc81d,delivered,2026-08-30 06:12:10,2026-08-31 03:27:04.248048,2026-08-31 06:12:10,2026-09-05 06:12:10,2026-09-16 06:12:10
f5fa72a5-0ee2-40f2-9704-dd92f0189963,38d56040455a30932da04243fc8c6ea6,delivered,2026-08-30 23:00:36,2026-08-31 13:53:59.248902,2026-08-31 23:00:36,2026-09-10 23:00:36,2026-09-06 23:00:36
274516ea-ca43-499c-81ac-a50ac5c1e335,4c99e4d80794cc4520af0b07913b4d6e,delivered,2026-08-30 08:12:07,2026-08-31 00:53:22.205337,2026-08-31 08:12:07,2026-09-08 08:12:07,2026-09-12 08:12:07
6a4667bf-9ca7-471a-8b71-abb962e19947,1abb57edde8de48e9d6e1c1f3930fb34,delivered,2026-08-30 15:25:49,2026-08-31 01:14:02.737643,2026-09-02 15:25:49,2026-09-04 15:25:49,2026-09-11 15:25:49
24cb017f-aa10-4438-b043-ff2266561cf2,2a88f869ff60c357f6e00e6dded4442f,delivered,2026-08-30 06:21:40,2026-08-30 16:49:25.293788,2026-09-02 06:21:40,2026-09-08 06:21:40,2026-09-17 06:21:40
2f3026a1-2ba1-47bd-86d0-57bb152ee71a,644059e43894b09e9d86ee6bd2e9222a,delivered,2026-08-30 13:38:44,2026-08-31 02:40:52.604222,2026-09-02 13:38:44,2026-09-13 13:38:44,2026-09-14 13:38:44
3bb5f252-0cb7-464e-8c29-09a9eeeb9502,03c19066495ef91f92b31005d5c4cccc,delivered,2026-08-30 15:37:54,2026-08-31 01:22:29.400931,2026-08-31 15:37:54,2026-09-06 15:37:54,2026-09-18 15:37:54
33af263d-1e12-4808-a38a-3b63f2b4101a,3140cb09f7ddb4b1c065456a372bd82a,delivered,2026-08-30 08:59:46,2026-08-30 20:40:20.441982,2026-09-01 08:59:46,2026-09-06 08:59:46,2026-09-12 08:59:46
a6eddadb-9b26-4047-85d5-6c9c82394074,6214f72996b247b5de739d35137899fa,delivered,2026-08-30 23:30:44,2026-08-31 12:14:18.482617,2026-09-01 23:30:44,2026-09-11 23:30:44,2026-09-13 23:30:44
7b001da8-1c22-4aa5-b424-aace1932f619,3a74bb190e1cae0a43c2d2ed531b5682,delivered,2026-08-30 13:28:27,2026-08-30 17:46:50.655655,2026-09-02 13:28:27,2026-09-13 13:28:27,2026-09-10 13:28:27
b3275097-4813-48bc-bd33-7d04f8c24362,57f867a592727eb25b81e7a751311941,delivered,2026-08-30 06:49:38,2026-08-30 23:55:08.020647,2026-09-01 06:49:38,2026-09-10 06:49:38,2026-09-07 06:49:38
69f2f906-9e6f-42e9-a14a-5a8e349fd81b,e2b5d914e5123bd2320ba9f04704d942,delivered,2026-08-30 15:10:07,2026-08-30 23:04:03.600272,2026-08-31 15:10:07,2026-09-06 15:10:07,2026-09-12 15:10:07
2d8ded9f-d5f3-4bf8-a3e2-1566ff2fdd05,b31b5ecd79d2528b3340abb86f5c2a4d,delivered,2026-08-30 23:30:54,2026-08-31 10:19:52.212874,2026-09-02 23:30:54,2026-09-08 23:30:54,2026-09-16 23:30:54
5e227dfe-21a4-4b09-b252-9f95ee87e639,3351733a48384a9f9d530c58316e6aa7,delivered,2026-08-30 12:34:02,2026-08-31 06:54:11.557382,2026-09-02 12:34:02,2026-09-12 12:34:02,2026-09-23 12:34:02
4bff3274-02c4-40b3-b955-c59887930c04,4eac4449b2468a68990e3dc446e11fa5,delivered,2026-08-30 11:27:26,2026-08-30 17:47:13.841952,2026-08-31 11:27:26,2026-09-07 11:27:26,2026-09-25 11:27:26
399ce661-a159-422f-b16b-e9566e62944d,4b78ae369ba9e647f8a4bd95a8cf9ae2,delivered,2026-08-30 12:10:05,2026-08-31 04:03:03.217017,2026-08-31 12:10:05,2026-09-10 12:10:05,2026-09-11 12:10:05
cbce561d-ee15-4f80-a007-1ed525cca5f4,731934bcb47e6a5956ab77fbed6ad0c5,delivered,2026-08-30 17:41:59,2026-08-30 21:51:12.632265,2026-08-31 17:41:59,2026-09-04 17:41:59,2026-09-12 17:41:59
81668525-5369-4a65-98a0-234d99b456ee,b3898bfaf96f49102ab3a0e225f17852,delivered,2026-08-30 04:52:48,2026-08-30 10:09:41.430264,2026-09-02 04:52:48,2026-09-04 04:52:48,2026-09-14 04:52:48
60c5e359-a93c-41d8-a435-fb3b9f1ee46c,09ed4e9b4faf4f69fecc31273d565cdd,delivered,2026-08-30 19:47:38,2026-08-31 15:13:07.655682,2026-09-02 19:47:38,2026-09-09 19:47:38,2026-09-24 19:47:38
81a10de3-6b75-46b8-8f2c-4e9352bebfbb,d2c7c004e3bbc345edc9fea32d4d26c3,delivered,2026-08-30 20:20:01,2026-08-31 19:16:31.355647,2026-09-01 20:20:01,2026-09-08 20:20:01,2026-09-10 20:20:01
94cdb1de-b021-4e15-8e64-487a60c36544,02625456293ab29f0b11a84835a8c0ab,delivered,2026-08-30 21:52:09,2026-08-31 11:50:37.664554,2026-09-01 21:52:09,2026-09-03 21:52:09,2026-09-19 21:52:09
4bd8a954-ec62-4d1a-b4b7-2406b56f1b9e,41c34c255ad1afe994d16365b81a200b,delivered,2026-08-30 15:22:05,2026-08-31 05:29:17.234783,2026-09-02 15:22:05,2026-09-05 15:22:05,2026-09-12 15:22:05
f81023f2-00d9-4f39-bae8-3616679165c1,daa07f7d9d5228fd3e95f67460c1111c,delivered,2026-08-30 01:59:41,2026-08-30 21:00:58.912694,2026-09-02 01:59:41,2026-09-12 01:59:41,2026-09-12 01:59:41
912281a4-d353-4830-ba24-996dafe5680d,231ab7a5eba5d3bb4cd2219ed9c25515,delivered,2026-08-30 19:21:52,2026-08-30 19:36:07.260845,2026-08-31 19:21:52,2026-09-03 19:21:52,2026-09-08 19:21:52
83bba2ba-9c10-4cd6-b208-f84739e0b2a5,25b00f5aa11b21b76df976c3642f851c,delivered,2026-08-30 04:48:11,2026-08-31 02:10:09.37382,2026-09-01 04:48:11,2026-09-12 04:48:11,2026-09-26 04:48:11
ad877e6f-b042-435b-b556-c6c6d4bf23d9,79504a5baca12dda1230e34effa970d7,delivered,2026-08-30 20:52:13,2026-08-31 10:35:12.203716,2026-09-02 20:52:13,2026-09-06 20:52:13,2026-09-06 20:52:13
1567f2c2-e4de-412e-88e4-26f75675de8b,8f6bc80fd15e1d060739784641207e82,delivered,2026-08-30 00:08:35,2026-08-30 08:53:01.056452,2026-09-01 00:08:35,2026-09-04 00:08:35,2026-09-06 00:08:35
82c5bf77-b2a1-405f-b483-80bab7e58b2a,ad8e61b43475be715767337d38f95196,delivered,2026-08-30 23:59:33,2026-08-31 23:56:51.811297,2026-09-02 23:59:33,2026-09-11 23:59:33,2026-09-26 23:59:33
3ed70d2e-7213-4c04-a731-85af53d3d104,948e925399aac2699c6db563a3c201a3,delivered,2026-08-30 23:20:57,2026-08-31 10:17:37.002705,2026-08-31 23:20:57,2026-09-05 23:20:57,2026-09-15 23:20:57
d8566ada-5e08-4e1b-bbdc-9cbd43b53f1d,246ddb2dd49eae53ce1695190d61fc24,delivered,2026-08-30 23:37:47,2026-08-31 19:02:53.40056,2026-09-02 23:37:47,2026-09-11 23:37:47,2026-09-11 23:37:47
ecb27ed6-3808-4783-9804-c567576a4dcb,875686e08e7fa3f3e9387d2817f509c4,delivered,2026-08-30 22:24:32,2026-08-31 09:07:53.612509,2026-08-31 22:24:32,2026-09-11 22:24:32,2026-09-20 22:24:32
8b717cbb-9650-407c-b1f8-3d0bad2683cc,5df8304243068e4ec4a00352ad8aa688,delivered,2026-08-30 01:43:05,2026-08-30 13:07:40.934416,2026-08-31 01:43:05,2026-09-11 01:43:05,2026-09-19 01:43:05
60f33316-253c-4e29-8498-c8e8683adcff,7414f2b75d82b48bc9e568503de1021d,delivered,2026-08-30 01:28:13,2026-08-30 09:37:38.64622,2026-08-31 01:28:13,2026-09-05 01:28:13,2026-09-16 01:28:13
f669ef95-c083-40fb-af51-02f0abb8a953,8a06eb73f20ede01d69f7c464749790a,delivered,2026-08-30 22:38:43,2026-08-31 16:10:50.737586,2026-08-31 22:38:43,2026-09-04 22:38:43,2026-09-06 22:38:43
c5ce91c3-d21a-4399-9452-d94c0ed818c0,a2332c527274bf42f10b829c579f6c7b,delivered,2026-08-30 09:35:30,2026-08-30 15:30:33.94689,2026-08-31 09:35:30,2026-09-10 09:35:30,2026-09-20 09:35:30
60c580a6-05d3-4eeb-bbe5-51649c27d4d9,3539e2f45889a162500bf7a4afd6f26a,delivered,2026-08-30 22:47:45,2026-08-31 19:35:07.542895,2026-09-02 22:47:45,2026-09-04 22:47:45,2026-09-15 22:47:45
55f95f90-2b78-4dd3-8520-9d4a8cbbfa8c,91c5faf27c8ebb48c71fe62afb3e5a3c,delivered,2026-08-30 06:54:39,2026-08-30 08:44:39.283147,2026-09-02 06:54:39,2026-09-11 06:54:39,2026-09-07 06:54:39
44dc96ac-f152-4aec-bd01-d1797c65e379,a5a24fce1edec515e0458b4a288c6813,delivered,2026-08-30 02:01:11,2026-08-30 14:09:16.153162,2026-09-01 02:01:11,2026-09-03 02:01:11,2026-09-23 02:01:11
04cd6ea5-42a0-472b-ba4b-efe016f69082,df059d8e5672ffde042a480870e4fbea,delivered,2026-08-30 02:12:38,2026-08-30 11:18:58.412045,2026-09-02 02:12:38,2026-09-12 02:12:38,2026-09-23 02:12:38
ae75c4d1-eb78-45f5-afa0-ced98b9c669d,46d111fc5e3cb182e30c0200f940c0af,delivered,2026-08-30 09:51:55,2026-08-30 14:25:37.216013,2026-09-01 09:51:55,2026-09-05 09:51:55,2026-09-21 09:51:55
3429b249-e22e-4e2c-90bb-00209ad0ea02,fdf3a5bebc490cbd7a8512395e6cb12e,delivered,2026-08-30 22:16:36,2026-08-31 21:52:19.690731,2026-09-02 22:16:36,2026-09-11 22:16:36,2026-09-09 22:16:36
3104c495-057e-4159-819f-54114deff3f6,7185fdbf483003e78b65e2571d89976f,delivered,2026-08-30 12:12:34,2026-08-31 11:57:18.410357,2026-08-31 12:12:34,2026-09-02 12:12:34,2026-09-11 12:12:34
a1269080-67c6-4595-826b-1dec09fcea8b,e3ab519b9f2681e43d1ecc7f1cfa5a81,delivered,2026-08-30 19:55:13,2026-08-30 20:48:17.759667,2026-09-02 19:55:13,2026-09-08 19:55:13,2026-09-19 19:55:13
178a0494-5461-491b-9870-53f01a6501b2,f5cf690ed01ec6a8b71913b8a5e179bb,delivered,2026-08-30 00:06:36,2026-08-30 15:21:34.777634,2026-09-02 00:06:36,2026-09-06 00:06:36,2026-09-12 00:06:36
d933c4e6-488a-4d4c-a52b-40a195f83e5c,31f7caf6048c2812f46119498a28d6d0,delivered,2026-08-30 20:45:23,2026-08-30 23:13:13.001526,2026-09-01 20:45:23,2026-09-09 20:45:23,2026-09-23 20:45:23
b5d49ca1-caff-4786-bdcb-307bc4847c94,da3cd2f77201ba1fb0637d3a485e9ffd,delivered,2026-08-30 01:27:11,2026-08-30 23:53:39.157727,2026-08-31 01:27:11,2026-09-04 01:27:11,2026-09-08 01:27:11
6c466497-ad50-4fb0-a68f-4f78ad8c5560,0f6ae9992fe5367634017e013374aee4,delivered,2026-08-30 20:50:54,2026-08-30 22:10:21.438289,2026-09-01 20:50:54,2026-09-11 20:50:54,2026-09-09 20:50:54
4809c58a-419a-4b88-8f48-65bf328ed8a6,1dbe345b9da3939b2dda6ebc336b570d,delivered,2026-08-30 15:43:58,2026-08-30 19:03:43.72175,2026-08-31 15:43:58,2026-09-05 15:43:58,2026-09-07 15:43:58
af86132e-b2b8-4601-9b42-3ad39391f3c6,5c2d2f13c3e67d89c5faa17f344d65de,delivered,2026-08-30 12:45:48,2026-08-31 02:39:56.42218,2026-09-01 12:45:48,2026-09-07 12:45:48,2026-09-06 12:45:48
07e17c35-c32c-4268-bb94-e77cf6ef4313,96ee94f910935c0cc469f5be3e4efc1f,delivered,2026-08-30 05:44:06,2026-08-31 01:23:58.214835,2026-08-31 05:44:06,2026-09-06 05:44:06,2026-09-12 05:44:06
1ebea659-ca00-401c-a50f-50690788cf20,bbf257c74411e54169f2f91ce1b9aad9,delivered,2026-08-30 04:31:29,2026-08-30 21:48:42.475457,2026-08-31 04:31:29,2026-09-03 04:31:29,2026-09-17 04:31:29
b7272619-32e9-4374-b7db-2a3712bee985,a99420ee8768911f91f34b70236ce3be,delivered,2026-08-30 03:41:00,2026-08-30 13:30:35.626694,2026-08-31 03:41:00,2026-09-07 03:41:00,2026-09-09 03:41:00
4304eb21-4b39-4ca6-aae3-8f2ad9de5f5e,0ee68d196fe4a4d6d240ebf34824e7eb,delivered,2026-08-30 23:26:04,2026-08-31 07:26:05.330131,2026-08-31 23:26:04,2026-09-03 23:26:04,2026-09-22 23:26:04
6f17aa93-1e43-49e5-b550-f5e2578e7dd4,afdadbcbb99c6cd9d3c3307f6e87d700,delivered,2026-08-30 08:13:48,2026-08-30 16:17:52.911567,2026-08-31 08:13:48,2026-09-06 08:13:48,2026-09-21 08:13:48
5e1ff3e0-e5ea-476f-a86a-6d86542c7e7d,c4c7b10a5f7686751fc3584c09f8001a,delivered,2026-08-30 02:08:39,2026-08-30 12:53:26.997554,2026-09-01 02:08:39,2026-09-06 02:08:39,2026-09-25 02:08:39
9012a700-a25e-4b9a-9034-b20b3447d371,3a06200fd3d32a1e27587352f34c37d9,delivered,2026-08-30 10:01:40,2026-08-31 07:11:55.308333,2026-08-31 10:01:40,2026-09-09 10:01:40,2026-09-23 10:01:40
e4784060-d528-47bb-9507-96f2f9311d5b,35de295c9053e824f7df2631a2b60b00,delivered,2026-08-30 03:49:52,2026-08-30 17:50:23.468226,2026-09-02 03:49:52,2026-09-10 03:49:52,2026-09-12 03:49:52
da0c6016-9fa4-4eb7-9b57-3f2291c63305,cfe2274c73c9048dae0c6708138ddb47,delivered,2026-08-30 05:45:50,2026-08-31 02:13:22.927153,2026-09-01 05:45:50,2026-09-06 05:45:50,2026-09-24 05:45:50
101dcbca-18ae-436d-b6b4-15b6675776b3,a996449b1a83201ba86b95b20cfed295,delivered,2026-08-30 20:12:45,2026-08-31 05:38:26.481481,2026-08-31 20:12:45,2026-09-07 20:12:45,2026-09-16 20:12:45
05b46b72-75b8-4f26-9b2f-52fc5d255201,35d15ec55b747200f78c492b3d9ddd72,delivered,2026-08-30 11:43:54,2026-08-30 20:47:45.401229,2026-09-02 11:43:54,2026-09-08 11:43:54,2026-09-14 11:43:54
cc5f0656-8890-44cd-96df-f354188a8a83,3a3994cce93e177ebeac87b9b46e5d93,delivered,2026-08-30 11:27:07,2026-08-31 00:52:29.930194,2026-08-31 11:27:07,2026-09-02 11:27:07,2026-09-07 11:27:07
4f39167e-4fa7-4766-b073-d6e8460b5ea9,a67d36d9048a871826a5aef5aeb7678a,delivered,2026-08-30 10:34:11,2026-08-30 16:54:41.098625,2026-08-31 10:34:11,2026-09-10 10:34:11,2026-09-07 10:34:11
08e2f1b9-e9ac-42a9-94ae-e472837dc3dd,e08bd7c6e467d7c79f0db80d6a9c6d07,delivered,2026-08-30 21:54:37,2026-08-31 12:39:11.560941,2026-09-02 21:54:37,2026-09-08 21:54:37,2026-09-08 21:54:37
27f1ef11-369e-4cfd-a637-6fc3870e9475,a960eefcbe9d7ec4b8f37cf528c2e69f,delivered,2026-08-30 07:25:08,2026-08-31 00:07:04.970884,2026-08-31 07:25:08,2026-09-06 07:25:08,2026-09-06 07:25:08
0c4a6fc7-1582-47ea-8618-8107bbf3059a,e7a85f7732b63aa1d69776cde5991ac8,delivered,2026-08-30 05:28:01,2026-08-30 10:44:25.392853,2026-08-31 05:28:01,2026-09-02 05:28:01,2026-09-15 05:28:01
26bbf0cb-a8d8-4b89-b3ec-41d25de98ec4,2ec3c08e30b58b6ecb63f16a7e3d9802,delivered,2026-08-30 13:35:03,2026-08-31 03:27:16.336444,2026-08-31 13:35:03,2026-09-06 13:35:03,2026-09-18 13:35:03
e0716f01-290f-48bc-ae9e-e10e536fa4b5,ac25eef5399014681463e939fae1dfd4,delivered,2026-08-30 01:31:41,2026-08-30 21:36:01.838246,2026-08-31 01:31:41,2026-09-03 01:31:41,2026-09-18 01:31:41
64cf9995-ed0c-4bd6-8685-1c41746ebaaa,264cac8f9174a00df2cbee938706ec30,delivered,2026-08-30 06:14:55,2026-08-30 17:35:20.634005,2026-08-31 06:14:55,2026-09-02 06:14:55,2026-09-13 06:14:55
65eb0ad6-6527-44ec-82d8-0dccf8e48aec,60df128a3eed331273ac55fa678deb8a,delivered,2026-08-30 22:39:25,2026-08-31 05:28:56.647023,2026-09-02 22:39:25,2026-09-04 22:39:25,2026-09-20 22:39:25
f383b464-c149-436e-b0b7-34939c644d54,df502ed1401ddf419c212172aa486e71,delivered,2026-08-30 00:43:54,2026-08-30 04:10:21.310124,2026-09-02 00:43:54,2026-09-09 00:43:54,2026-09-16 00:43:54
357494ea-a514-46fb-bade-8248eaa45386,bd345656334581d4e07227d786486629,delivered,2026-08-30 22:10:13,2026-08-31 10:51:00.856864,2026-08-31 22:10:13,2026-09-06 22:10:13,2026-09-09 22:10:13
0d994569-bf93-4267-9dd1-e111cdf8aa7d,b6e218c0af67cbf5297ab3e4cacb3839,delivered,2026-08-30 00:18:34,2026-08-30 13:52:39.566464,2026-09-02 00:18:34,2026-09-08 00:18:34,2026-09-18 00:18:34
275b0bd0-5ede-499f-9812-9ec3ab3022f5,d57b9dfc139d48fc3482411baea546ff,delivered,2026-08-30 05:54:27,2026-08-31 01:01:04.999984,2026-08-31 05:54:27,2026-09-07 05:54:27,2026-09-09 05:54:27
0d8c44df-4e2d-4c28-8d80-21b39ee6db88,69ed09a942f79adc91b02b1f4df87cf5,delivered,2026-08-30 07:40:41,2026-08-30 21:41:47.093906,2026-09-01 07:40:41,2026-09-04 07:40:41,2026-09-13 07:40:41
cd700899-cbbb-4823-8716-e230c4fa9397,421480011b2624e173f40e9c1544c852,delivered,2026-08-30 12:34:31,2026-08-31 10:04:57.599729,2026-08-31 12:34:31,2026-09-02 12:34:31,2026-09-19 12:34:31
9b73b694-e61e-4441-9599-762e081c29b5,19e604af45af1bc76759f2f41efd587d,delivered,2026-08-30 20:07:18,2026-08-31 07:19:06.045268,2026-08-31 20:07:18,2026-09-03 20:07:18,2026-09-25 20:07:18
64bc5019-68fa-4157-8026-07688b93ecf0,064e2cb3bff15053eb0e4afc471e7f2c,delivered,2026-08-30 00:24:21,2026-08-30 18:17:27.406284,2026-09-01 00:24:21,2026-09-12 00:24:21,2026-09-14 00:24:21
14c54a43-8459-4e6a-ba1c-208b611b6ee9,cbfa8d4b6563cb9f871f7f5412ebf9d9,delivered,2026-08-30 09:48:27,2026-08-31 05:20:41.19238,2026-09-01 09:48:27,2026-09-09 09:48:27,2026-09-16 09:48:27
9ace288f-5c58-4910-b494-3401de074828,6796f5ccba24f2ff5db634fb69f4b64a,delivered,2026-08-30 22:58:54,2026-08-31 16:48:54.01126,2026-09-01 22:58:54,2026-09-11 22:58:54,2026-09-13 22:58:54
39bd2b0d-306c-41c6-91e2-7253683a0223,f21708444e76d160f1dd7f3beae7ed9b,delivered,2026-08-30 14:51:08,2026-08-31 01:54:54.407074,2026-08-31 14:51:08,2026-09-07 14:51:08,2026-09-08 14:51:08
acceeb47-c256-4750-a77e-711ed4caf29b,549dc007a724ed911d3dd15410a54618,delivered,2026-08-30 11:41:34,2026-08-30 12:56:20.947856,2026-09-01 11:41:34,2026-09-08 11:41:34,2026-09-13 11:41:34
bdbeca29-1167-4611-be6b-3ae7179b7163,1b4ff42fd8acd3dc49e2a137021b3524,delivered,2026-08-30 00:30:21,2026-08-30 11:59:47.934852,2026-09-02 00:30:21,2026-09-07 00:30:21,2026-09-06 00:30:21
6c4032f5-69e7-4ea9-9719-3ec0dc3c42f7,da41f8be4acae374b2c5bfe8f9659e7e,delivered,2026-08-30 16:58:49,2026-08-31 04:46:46.951464,2026-09-01 16:58:49,2026-09-10 16:58:49,2026-09-08 16:58:49
d364acea-d210-4996-afa3-887e87c03370,65dd288522b06b501b85cb2c05152190,delivered,2026-08-30 13:34:29,2026-08-31 10:08:59.614699,2026-09-01 13:34:29,2026-09-10 13:34:29,2026-09-19 13:34:29
686659cf-8009-40da-bea0-7b7eed0484ae,bf623f05377fb0a53548f51e46ec101b,delivered,2026-08-30 09:34:18,2026-08-31 05:09:27.87851,2026-08-31 09:34:18,2026-09-10 09:34:18,2026-09-21 09:34:18
7bbad105-980d-4ae1-8895-8e8fdb633372,f775aeb6ab62c3044f1f717dbdca6923,delivered,2026-08-30 20:41:14,2026-08-31 00:52:17.486587,2026-09-02 20:41:14,2026-09-05 20:41:14,2026-09-26 20:41:14
1a8d66d6-7ccb-4b5f-8c3e-218f40318faa,2228a3a881e33aa73e7958a61332cc35,delivered,2026-08-30 04:57:44,2026-08-30 20:53:27.241246,2026-09-02 04:57:44,2026-09-13 04:57:44,2026-09-10 04:57:44
0d3e63bf-b9ba-43ba-9dfa-9849af5627a5,8afbae80295a2f702e77f7e80c25db12,delivered,2026-08-30 16:41:20,2026-08-31 14:13:30.76036,2026-09-02 16:41:20,2026-09-12 16:41:20,2026-09-22 16:41:20
6c395632-3d38-4611-ba90-a73e8040a5d2,ee62bc8402e533e9711aa2f3d56f4b0c,delivered,2026-08-30 02:13:54,2026-08-30 03:26:50.360444,2026-08-31 02:13:54,2026-09-06 02:13:54,2026-09-17 02:13:54
1d51b066-9568-403e-93cb-8fac8f0d9fc3,4713a5691cbaa68a98c8774fa9cafb6a,delivered,2026-08-30 16:40:56,2026-08-31 00:17:33.04238,2026-09-01 16:40:56,2026-09-07 16:40:56,2026-09-12 16:40:56
4612254b-c66a-4dee-a329-ca06e0702a74,e904e6fe5895cf401fd990b33c24ccb4,delivered,2026-08-30 18:40:05,2026-08-30 19:47:08.744134,2026-08-31 18:40:05,2026-09-04 18:40:05,2026-09-11 18:40:05
1c5f448a-951c-4a81-aca7-83fa0ae2826d,abe303b2f51b88425d9540c97afab308,delivered,2026-08-30 18:53:50,2026-08-31 11:21:35.161581,2026-08-31 18:53:50,2026-09-09 18:53:50,2026-09-24 18:53:50
4b5378b2-0209-4887-abfb-73de5e8024b4,01d46d05097a25fb0d755e86ab3a6fb3,delivered,2026-08-30 12:40:05,2026-08-31 02:18:07.282079,2026-08-31 12:40:05,2026-09-02 12:40:05,2026-09-06 12:40:05
e5601235-5d97-4ef7-8379-00ceefff833f,ed8015d79ac87082198750d415abd7b5,delivered,2026-08-30 21:08:05,2026-08-31 07:56:12.555156,2026-08-31 21:08:05,2026-09-02 21:08:05,2026-09-13 21:08:05
5ba5eda5-5f6f-4946-b471-cd9946bec739,0d8011db3d6ba2c418b5b9884dc6feb4,delivered,2026-08-30 15:52:20,2026-08-30 17:18:15.111083,2026-09-01 15:52:20,2026-09-05 15:52:20,2026-09-24 15:52:20
7713f633-2e0f-4a2f-8fb8-dc4be7abded2,63f798bfe1116c4b855132edd9f87b3a,delivered,2026-08-30 01:53:47,2026-08-30 22:50:20.988483,2026-09-02 01:53:47,2026-09-11 01:53:47,2026-09-12 01:53:47
c1b33aa3-ac70-4a49-b71b-6f0e298a5fcc,da6cb7e84bfcd07e870786f37895b6d2,delivered,2026-08-30 02:26:08,2026-08-30 23:32:27.838403,2026-09-02 02:26:08,2026-09-11 02:26:08,2026-09-16 02:26:08
2bcd44e7-9a06-4b59-a6fa-3496fdcbbedc,a0402041f21126e553b1a0ca676d95c8,delivered,2026-08-30 10:05:00,2026-08-31 00:45:48.008425,2026-09-01 10:05:00,2026-09-06 10:05:00,2026-09-11 10:05:00
c550f10c-56e4-4cbf-8d8c-5a6753089321,861a5544c25b9e13f4826a28164d5056,delivered,2026-08-30 19:04:34,2026-08-30 19:31:20.673674,2026-08-31 19:04:34,2026-09-08 19:04:34,2026-09-25 19:04:34
100b3fe7-a0cb-41ae-98ae-755c2b106600,3791df675a28c5b326e0056d5128ed44,delivered,2026-08-30 00:10:17,2026-08-30 21:50:35.195143,2026-09-01 00:10:17,2026-09-09 00:10:17,2026-09-17 00:10:17
71f1e6de-84a7-464c-9a5a-10ee1181f4d7,4fa0515be30be843039b8c064e3e8cb3,delivered,2026-08-30 01:08:13,2026-08-30 11:48:46.295531,2026-08-31 01:08:13,2026-09-08 01:08:13,2026-09-12 01:08:13
30caf3ec-6470-4fac-9613-a9d6969f01d1,e8f72a39e55da80935caccd9abb4d831,delivered,2026-08-30 07:32:29,2026-08-30 14:04:12.496269,2026-08-31 07:32:29,2026-09-06 07:32:29,2026-09-07 07:32:29
498de97e-f3e4-4494-954e-8228b152126f,6ecb390e8056057a25a1b49c37206958,delivered,2026-08-30 15:28:32,2026-08-31 00:00:32.511725,2026-09-02 15:28:32,2026-09-12 15:28:32,2026-09-26 15:28:32
d41faaa5-8dfc-4137-a3b4-7a2bd0ffa859,9c5147ae1632464089388bb16252ffd7,delivered,2026-08-30 23:37:48,2026-08-31 13:05:24.877859,2026-09-02 23:37:48,2026-09-10 23:37:48,2026-09-26 23:37:48
ea36944d-4378-4f7b-86bd-8195421ea6ce,85241ef0e6f4c1602d059a41df6418d7,delivered,2026-08-30 13:26:23,2026-08-31 04:11:28.362627,2026-08-31 13:26:23,2026-09-05 13:26:23,2026-09-24 13:26:23
05c53987-2cc2-47b5-97cf-586c50e7e505,9ade91248eb4d71d634c09e4650d36d0,delivered,2026-08-30 01:45:51,2026-08-30 19:32:59.479312,2026-09-01 01:45:51,2026-09-12 01:45:51,2026-09-15 01:45:51
0d984100-2eac-42da-9fdc-a63e416ed24d,48f239e15744ed5e7ffbafc6bb6e882b,delivered,2026-08-30 07:01:05,2026-08-30 07:42:59.243882,2026-09-02 07:01:05,2026-09-10 07:01:05,2026-09-18 07:01:05
e6743c56-2942-4bf7-88ae-47ec81b0a46c,6715bbc64ad26fd7b362df3fb6d78566,delivered,2026-08-30 16:24:29,2026-08-30 22:16:12.798882,2026-09-01 16:24:29,2026-09-09 16:24:29,2026-09-18 16:24:29
c0dd6987-cd91-4c9a-9553-f4d5a40959ee,3e2fcf7ce0b60002777a836132650175,delivered,2026-08-30 00:30:10,2026-08-30 17:26:53.163812,2026-09-02 00:30:10,2026-09-07 00:30:10,2026-09-25 00:30:10
d47637c3-8724-4c7c-8237-f453a9cfe4a5,3aa98a0dbd145c27ee805e2f62a3df8d,delivered,2026-08-30 01:32:25,2026-08-30 17:54:04.074413,2026-09-01 01:32:25,2026-09-10 01:32:25,2026-09-23 01:32:25
d3cf331c-c44c-47e7-81e5-4e0046e8903f,01287ad2456ffbd365f2e955dbbcebc7,delivered,2026-08-30 12:20:02,2026-08-31 04:46:34.614086,2026-08-31 12:20:02,2026-09-06 12:20:02,2026-09-24 12:20:02
0a27089e-5713-4d3b-9b17-296f8fac2fea,6660b4dcb6bc876c71cb3f2d8de060dc,delivered,2026-08-30 12:40:16,2026-08-31 03:43:30.381279,2026-09-02 12:40:16,2026-09-11 12:40:16,2026-09-14 12:40:16
a8f78359-3970-49f4-bb13-4e8fdc6cf4db,80dbbc7e11a3d402859782dc6a7ce626,delivered,2026-08-30 11:51:10,2026-08-31 04:50:45.800127,2026-09-02 11:51:10,2026-09-13 11:51:10,2026-09-19 11:51:10
61297ef7-7ae9-461e-af2a-dc479d7a4be7,fd0e05528dd6037d245eee7d42ba837b,delivered,2026-08-30 16:08:09,2026-08-31 09:18:28.423203,2026-08-31 16:08:09,2026-09-11 16:08:09,2026-09-13 16:08:09
02f71445-7da5-4565-ba84-c8edc3a309d2,454b89aa74cc3a41ac6a964e7f6c9e67,delivered,2026-08-30 23:47:00,2026-08-31 13:00:04.226379,2026-09-01 23:47:00,2026-09-05 23:47:00,2026-09-22 23:47:00
0ffa85ed-1100-4c5e-bc50-5629c33b2d24,cc520e111caf2d8356003f5814dfb2f4,delivered,2026-08-30 19:12:49,2026-08-31 02:39:04.012355,2026-09-02 19:12:49,2026-09-13 19:12:49,2026-09-08 19:12:49
8ebe417c-4de5-4388-9d45-2b39ca4e59ad,ae41e41f5721cab53560a02f6d1ca93d,delivered,2026-08-30 13:16:39,2026-08-31 00:28:01.053707,2026-08-31 13:16:39,2026-09-09 13:16:39,2026-09-14 13:16:39
15f486aa-153b-4016-8dd3-3be536cd5f5b,f1d4911942d2bc40d520ae47013a7643,delivered,2026-08-30 23:54:04,2026-08-31 04:40:36.394762,2026-09-01 23:54:04,2026-09-03 23:54:04,2026-09-21 23:54:04
3c60675d-2690-48e7-8e44-96d73cdccdbc,a85fcfe5a8e1ae143d339a18516ad663,delivered,2026-08-30 05:35:51,2026-08-30 06:19:04.839886,2026-09-02 05:35:51,2026-09-07 05:35:51,2026-09-25 05:35:51
f2cee636-812e-41cd-907c-bbd1a8ba8b6d,f9666dd82bb4775054d1ca54fd32760a,delivered,2026-08-30 05:19:48,2026-08-30 21:17:46.590448,2026-08-31 05:19:48,2026-09-06 05:19:48,2026-09-09 05:19:48
